Workbook

Sheet Makine
A1: DOSYA 1 — Üretim / Makine Malzeme Girişi
A2: Üretim ekibi yalnızca sarı hücreleri doldurur. Malzemeler türüne göre ayrı sekmelerde girilir; son sekme 'Maliyet'tir.
A4: Makine Kodu | B4: PK-200
A5: Makine Adı | B5: Dikey Paketleme Makinesi
A6: Müşteri / Sipariş No | B6: SP-2026-0147
A7: Hazırlayan | B7: Üretim — Hat 2
A8: Tarih | B8: 46296
A9: Kâr Marjı (%) | B9: 22
A10: KDV (%) | B10: 20
A13: Durum | B13: =IF(Maliyet!C22>0,"UYARI: "&Maliyet!C22&" malzemenin fiyatı girilmemiş — toplam eksik","Tüm malzemelerin fiyatı güncel") -> UYARI: 1 malzemenin fiyatı girilmemiş — toplam eksik
A15: Nasıl kullanılır
A16: 1) Sarı hücrelere makine bilgisini girin.
A17: 2) Giriş sekmelerinde malzeme KODUNU listeden seçin, miktarı yazın; tanım ve birim kendiliğinden gelir.
A18: 3) Yeni malzeme gerekirse Ana_Malzeme'ye eklenir (yetkili kullanıcı), sonra buradan seçilir.
A19: 4) 'Maliyet' sekmesi güncel fiyatlarla her an hesaplanır; teslimde eklenecek 'Maliyet Oluştur' düğmesi o anki tutarları arşiv sekmesine kilitler (örnekte yoktur).

Sheet Ana_Malzeme
A1: DOSYA 2 — Ortak Ana Malzeme Kataloğu
A2: Tüm kullanıcılar ortak kullanır. Yeni malzeme en alta eklenir; kod benzersiz olmalıdır.
A4: Malzeme Kodu | B4: Tanım | C4: Tür | D4: Birim | E4: Ekleyen | F4: Eklenme Tarihi | G4: Son Güncelleyen | H4: Son Güncelleme
A5: SAC-0301 | B5: DKP Sac 3 mm (1250x2500) | C5: Sac & Profil | D5: adet | E5: İlk yükleme | F5: 46279 | G5: İlk yükleme | H5: 46279
A6: SAC-0201 | B6: DKP Sac 2 mm (1250x2500) | C6: Sac & Profil | D6: adet | E6: İlk yükleme | F6: 46279 | G6: İlk yükleme | H6: 46279
A7: PRF-4040 | B7: Kutu Profil 40x40x2 mm | C7: Sac & Profil | D7: mt | E7: İlk yükleme | F7: 46279 | G7: İlk yükleme | H7: 46279
A8: PRF-3030 | B8: Kutu Profil 30x30x2 mm | C8: Sac & Profil | D8: mt | E8: İlk yükleme | F8: 46279 | G8: İlk yükleme | H8: 46279
A9: PRF-ALU45 | B9: Alüminyum Sigma Profil 45x45 | C9: Sac & Profil | D9: mt | E9: İlk yükleme | F9: 46279 | G9: İlk yükleme | H9: 46279
A10: MOT-075 | B10: Asenkron Motor 0,75 kW 1400 d/d | C10: Motor & Redüktör | D10: adet | E10: İlk yükleme | F10: 46279 | G10: İlk yükleme | H10: 46279
A11: MOT-150 | B11: Asenkron Motor 1,5 kW 1400 d/d | C11: Motor & Redüktör | D11: adet | E11: İlk yükleme | F11: 46279 | G11: İlk yükleme | H11: 46279
A12: RED-W63 | B12: Sonsuz Vida Redüktör W63 1:20 | C12: Motor & Redüktör | D12: adet | E12: İlk yükleme | F12: 46279 | G12: İlk yükleme | H12: 46279
A13: SRV-ST40 | B13: Servo Motor 400 W + Sürücü | C13: Motor & Redüktör | D13: takım | E13: İlk yükleme | F13: 46279 | G13: İlk yükleme | H13: 46279
A14: ELK-PLC1 | B14: PLC CPU 14 G/Ç Röle Çıkışlı | C14: Elektrik | D14: adet | E14: İlk yükleme | F14: 46279 | G14: İlk yükleme | H14: 46279
A15: ELK-HMI7 | B15: HMI Dokunmatik Panel 7" | C15: Elektrik | D15: adet | E15: İlk yükleme | F15: 46279 | G15: İlk yükleme | H15: 46279
A16: ELK-KBL3 | B16: Kablo 3x1,5 mm² Esnek | C16: Elektrik | D16: mt | E16: İlk yükleme | F16: 46279 | G16: İlk yükleme | H16: 46279
... A23: BGL-RLM | B23: Rulman 6204 2RS | C23: Bağlantı Elemanı | D23: adet | E23: Ayşe T. | F23: 46296 | G23: Ayşe T. | H23: 46296

Sheet Fiyat
A1: DOSYA 3 — Fiyat ve Maliyet Dosyası
A2: Fiyatı yönetici girer (canlı kurulumda sunucu izniyle yalnız yönetici yazabilir). Tanım ve birim ana katalogdan gelir; fiyatı eksik satır kırmızı işaretlenir.
A4: Malzeme Kodu | B4: Tanım (otomatik) | C4: Birim (otomatik) | D4: Birim Fiyat | E4: Para Birimi | F4: Birim Fiyat (TL) | G4: Fiyat Tarihi | H4: Güncelleyen | I4: Durum
A5: SAC-0301 | B5: =IF(A5="","",IFERROR(INDEX(Ana_Malzeme!$B$5:$B$204,MATCH(A5,Ana_Malzeme!$A$5:$A$204,0)),"KATALOGDA YOK")) -> DKP Sac 3 mm (1250x2500) | C5: =IF(A5="","",IFERROR(INDEX(Ana_Malzeme!$D$5:$D$204,MATCH(A5,Ana_Malzeme!$A$5:$A$204,0)),"")) -> adet | D5: 4180 | E5: TRY | F5: =IF(OR(A5="",D5=""),"",D5*IFERROR(INDEX(Kur!$B$5:$B$7,MATCH(E5,Kur!$A$5:$A$7,0)),0)) -> 4180 | G5: 46293 | H5: Yönetici | I5: =IF(A5="","",IF(D5="","FİYAT GİRİLMEMİŞ",IF(B5="KATALOGDA YOK","KATALOGDA YOK","Tamam"))) -> Tamam
A6: SAC-0201 | B6: =IF(A6="","",IFERROR(INDEX(Ana_Malzeme!$B$5:$B$204,MATCH(A6,Ana_Malzeme!$A$5:$A$204,0)),"KATALOGDA YOK")) -> DKP Sac 2 mm (1250x2500) | C6: =IF(A6="","",IFERROR(INDEX(Ana_Malzeme!$D$5:$D$204,MATCH(A6,Ana_Malzeme!$A$5:$A$204,0)),"")) -> adet | D6: 2790 | E6: TRY | F6: =IF(OR(A6="",D6=""),"",D6*IFERROR(INDEX(Kur!$B$5:$B$7,MATCH(E6,Kur!$A$5:$A$7,0)),0)) -> 2790 | G6: 46293 | H6: Yönetici | I6: =IF(A6="","",IF(D6="","FİYAT GİRİLMEMİŞ",IF(B6="KATALOGDA YOK","KATALOGDA YOK","Tamam"))) -> Tamam
A7: PRF-4040 | B7: =IF(A7="","",IFERROR(INDEX(Ana_Malzeme!$B$5:$B$204,MATCH(A7,Ana_Malzeme!$A$5:$A$204,0)),"KATALOGDA YOK")) -> Kutu Profil 40x40x2 mm | C7: =IF(A7="","",IFERROR(INDEX(Ana_Malzeme!$D$5:$D$204,MATCH(A7,Ana_Malzeme!$A$5:$A$204,0)),"")) -> mt | D7: 96 | E7: TRY | F7: =IF(OR(A7="",D7=""),"",D7*IFERROR(INDEX(Kur!$B$5:$B$7,MATCH(E7,Kur!$A$5:$A$7,0)),0)) -> 96 | G7: 46295 | H7: Yönetici | I7: =IF(A7="","",IF(D7="","FİYAT GİRİLMEMİŞ",IF(B7="KATALOGDA YOK","KATALOGDA YOK","Tamam"))) -> Tamam
A8: PRF-3030 | B8: =IF(A8="","",IFERROR(INDEX(Ana_Malzeme!$B$5:$B$204,MATCH(A8,Ana_Malzeme!$A$5:$A$204,0)),"KATALOGDA YOK")) -> Kutu Profil 30x30x2 mm | C8: =IF(A8="","",IFERROR(INDEX(Ana_Malzeme!$D$5:$D$204,MATCH(A8,Ana_Malzeme!$A$5:$A$204,0)),"")) -> mt | D8: 71 | E8: TRY | F8: =IF(OR(A8="",D8=""),"",D8*IFERROR(INDEX(Kur!$B$5:$B$7,MATCH(E8,Kur!$A$5:$A$7,0)),0)) -> 71 | G8: 46293 | H8: Yönetici | I8: =IF(A8="","",IF(D8="","FİYAT GİRİLMEMİŞ",IF(B8="KATALOGDA YOK","KATALOGDA YOK","Tamam"))) -> Tamam
A9: PRF-ALU45 | B9: =IF(A9="","",IFERROR(INDEX(Ana_Malzeme!$B$5:$B$204,MATCH(A9,Ana_Malzeme!$A$5:$A$204,0)),"KATALOGDA YOK")) -> Alüminyum Sigma Profil 45x45 | C9: =IF(A9="","",IFERROR(INDEX(Ana_Malzeme!$D$5:$D$204,MATCH(A9,Ana_Malzeme!$A$5:$A$204,0)),"")) -> mt | D9: 4.8 | E9: EUR | F9: =IF(OR(A9="",D9=""),"",D9*IFERROR(INDEX(Kur!$B$5:$B$7,MATCH(E9,Kur!$A$5:$A$7,0)),0)) -> 197.76 | G9: 46293 | H9: Yönetici | I9: =IF(A9="","",IF(D9="","FİYAT GİRİLMEMİŞ",IF(B9="KATALOGDA YOK","KATALOGDA YOK","Tamam"))) -> Tamam
A10: MOT-075 | B10: =IF(A10="","",IFERROR(INDEX(Ana_Malzeme!$B$5:$B$204,MATCH(A10,Ana_Malzeme!$A$5:$A$204,0)),"KATALOGDA YOK")) -> Asenkron Motor 0,75 kW 1400 d/d | C10: =IF(A10="","",IFERROR(INDEX(Ana_Malzeme!$D$5:$D$204,MATCH(A10,Ana_Malzeme!$A$5:$A$204,0)),"")) -> adet | D10: 3350 | E10: TRY | F10: =IF(OR(A10="",D10=""),"",D10*IFERROR(INDEX(Kur!$B$5:$B$7,MATCH(E10,Kur!$A$5:$A$7,0)),0)) -> 3350 | G10: 46293 | H10: Yönetici | I10: =IF(A10="","",IF(D10="","FİYAT GİRİLMEMİŞ",IF(B10="KATALOGDA YOK","KATALOGDA YOK","Tamam"))) -> Tamam
A11: MOT-150 | B11: =IF(A11="","",IFERROR(INDEX(Ana_Malzeme!$B$5:$B$204,MATCH(A11,Ana_Malzeme!$A$5:$A$204,0)),"KATALOGDA YOK")) -> Asenkron Motor 1,5 kW 1400 d/d | C11: =IF(A11="","",IFERROR(INDEX(Ana_Malzeme!$D$5:$D$204,MATCH(A11,Ana_Malzeme!$A$5:$A$204,0)),"")) -> adet | D11: 5120 | E11: TRY | F11: =IF(OR(A11="",D11=""),"",D11*IFERROR(INDEX(Kur!$B$5:$B$7,MATCH(E11,Kur!$A$5:$A$7,0)),0)) -> 5120 | G11: 46293 | H11: Yönetici | I11: =IF(A11="","",IF(D11="","FİYAT GİRİLMEMİŞ",IF(B11="KATALOGDA YOK","KATALOGDA YOK","Tamam"))) -> Tamam
A12: RED-W63 | B12: =IF(A12="","",IFERROR(INDEX(Ana_Malzeme!$B$5:$B$204,MATCH(A12,Ana_Malzeme!$A$5:$A$204,0)),"KATALOGDA YOK")) -> Sonsuz Vida Redüktör W63 1:20 | C12: =IF(A12="","",IFERROR(INDEX(Ana_Malzeme!$D$5:$D$204,MATCH(A12,Ana_Malzeme!$A$5:$A$204,0)),"")) -> adet | D12: 3890 | E12: TRY | F12: =IF(OR(A12="",D12=""),"",D12*IFERROR(INDEX(Kur!$B$5:$B$7,MATCH(E12,Kur!$A$5:$A$7,0)),0)) -> 3890 | G12: 46293 | H12: Yönetici | I12: =IF(A12="","",IF(D12="","FİYAT GİRİLMEMİŞ",IF(B12="KATALOGDA YOK","KATALOGDA YOK","Tamam"))) -> Tamam
A13: SRV-ST40 | B13: =IF(A13="","",IFERROR(INDEX(Ana_Malzeme!$B$5:$B$204,MATCH(A13,Ana_Malzeme!$A$5:$A$204,0)),"KATALOGDA YOK")) -> Servo Motor 400 W + Sürücü | C13: =IF(A13="","",IFERROR(INDEX(Ana_Malzeme!$D$5:$D$204,MATCH(A13,Ana_Malzeme!$A$5:$A$204,0)),"")) -> takım | D13: 215 | E13: EUR | F13: =IF(OR(A13="",D13=""),"",D13*IFERROR(INDEX(Kur!$B$5:$B$7,MATCH(E13,Kur!$A$5:$A$7,0)),0)) -> 8858 | G13: 46293 | H13: Yönetici | I13: =IF(A13="","",IF(D13="","FİYAT GİRİLMEMİŞ",IF(B13="KATALOGDA YOK","KATALOGDA YOK","Tamam"))) -> Tamam
A14: ELK-PLC1 | B14: =IF(A14="","",IFERROR(INDEX(Ana_Malzeme!$B$5:$B$204,MATCH(A14,Ana_Malzeme!$A$5:$A$204,0)),"KATALOGDA YOK")) -> PLC CPU 14 G/Ç Röle Çıkışlı | C14: =IF(A14="","",IFERROR(INDEX(Ana_Malzeme!$D$5:$D$204,MATCH(A14,Ana_Malzeme!$A$5:$A$204,0)),"")) -> adet | D14: 142 | E14: EUR | F14: =IF(OR(A14="",D14=""),"",D14*IFERROR(INDEX(Kur!$B$5:$B$7,MATCH(E14,Kur!$A$5:$A$7,0)),0)) -> 5850.4 | G14: 46293 | H14: Yönetici | I14: =IF(A14="","",IF(D14="","FİYAT GİRİLMEMİŞ",IF(B14="KATALOGDA YOK","KATALOGDA YOK","Tamam"))) -> Tamam
A15: ELK-HMI7 | B15: =IF(A15="","",IFERROR(INDEX(Ana_Malzeme!$B$5:$B$204,MATCH(A15,Ana_Malzeme!$A$5:$A$204,0)),"KATALOGDA YOK")) -> HMI Dokunmatik Panel 7" | C15: =IF(A15="","",IFERROR(INDEX(Ana_Malzeme!$D$5:$D$204,MATCH(A15,Ana_Malzeme!$A$5:$A$204,0)),"")) -> adet | D15: 188 | E15: EUR | F15: =IF(OR(A15="",D15=""),"",D15*IFERROR(INDEX(Kur!$B$5:$B$7,MATCH(E15,Kur!$A$5:$A$7,0)),0)) -> 7745.6 | G15: 46293 | H15: Yönetici | I15: =IF(A15="","",IF(D15="","FİYAT GİRİLMEMİŞ",IF(B15="KATALOGDA YOK","KATALOGDA YOK","Tamam"))) -> Tamam
A16: ELK-KBL3 | B16: =IF(A16="","",IFERROR(INDEX(Ana_Malzeme!$B$5:$B$204,MATCH(A16,Ana_Malzeme!$A$5:$A$204,0)),"KATALOGDA YOK")) -> Kablo 3x1,5 mm² Esnek | C16: =IF(A16="","",IFERROR(INDEX(Ana_Malzeme!$D$5:$D$204,MATCH(A16,Ana_Malzeme!$A$5:$A$204,0)),"")) -> mt | D16: 21.5 | E16: TRY | F16: =IF(OR(A16="",D16=""),"",D16*IFERROR(INDEX(Kur!$B$5:$B$7,MATCH(E16,Kur!$A$5:$A$7,0)),0)) -> 21.5 | G16: 46293 | H16: Yönetici | I16: =IF(A16="","",IF(D16="","FİYAT GİRİLMEMİŞ",IF(B16="KATALOGDA YOK","KATALOGDA YOK","Tamam"))) -> Tamam
... A22: BGL-SOM8 | B22: =IF(A22="","",IFERROR(INDEX(Ana_Malzeme!$B$5:$B$204,MATCH(A22,Ana_Malzeme!$A$5:$A$204,0)),"KATALOGDA YOK")) -> Somun M8 Paslanmaz | C22: =IF(A22="","",IFERROR(INDEX(Ana_Malzeme!$D$5:$D$204,MATCH(A22,Ana_Malzeme!$A$5:$A$204,0)),"")) -> adet | D22: 1.6 | E22: TRY | F22: =IF(OR(A22="",D22=""),"",D22*IFERROR(INDEX(Kur!$B$5:$B$7,MATCH(E22,Kur!$A$5:$A$7,0)),0)) -> 1.6 | G22: 46293 | H22: Yönetici | I22: =IF(A22="","",IF(D22="","FİYAT GİRİLMEMİŞ",IF(B22="KATALOGDA YOK","KATALOGDA YOK","Tamam"))) -> Tamam
A23: BGL-RLM | B23: =IF(A23="","",IFERROR(INDEX(Ana_Malzeme!$B$5:$B$204,MATCH(A23,Ana_Malzeme!$A$5:$A$204,0)),"KATALOGDA YOK")) -> Rulman 6204 2RS | C23: =IF(A23="","",IFERROR(INDEX(Ana_Malzeme!$D$5:$D$204,MATCH(A23,Ana_Malzeme!$A$5:$A$204,0)),"")) -> adet | E23: TRY | F23: =IF(OR(A23="",D23=""),"",D23*IFERROR(INDEX(Kur!$B$5:$B$7,MATCH(E23,Kur!$A$5:$A$7,0)),0)) | I23: =IF(A23="","",IF(D23="","FİYAT GİRİLMEMİŞ",IF(B23="KATALOGDA YOK","KATALOGDA YOK","Tamam"))) -> FİYAT GİRİLMEMİŞ
B24: =IF(A24="","",IFERROR(INDEX(Ana_Malzeme!$B$5:$B$204,MATCH(A24,Ana_Malzeme!$A$5:$A$204,0)),"KATALOGDA YOK")) | C24: =IF(A24="","",IFERROR(INDEX(Ana_Malzeme!$D$5:$D$204,MATCH(A24,Ana_Malzeme!$A$5:$A$204,0)),"")) | F24: =IF(OR(A24="",D24=""),"",D24*IFERROR(INDEX(Kur!$B$5:$B$7,MATCH(E24,Kur!$A$5:$A$7,0)),0)) | I24: =IF(A24="","",IF(D24="","FİYAT GİRİLMEMİŞ",IF(B24="KATALOGDA YOK","KATALOGDA YOK","Tamam")))
B25: =IF(A25="","",IFERROR(INDEX(Ana_Malzeme!$B$5:$B$204,MATCH(A25,Ana_Malzeme!$A$5:$A$204,0)),"KATALOGDA YOK")) | C25: =IF(A25="","",IFERROR(INDEX(Ana_Malzeme!$D$5:$D$204,MATCH(A25,Ana_Malzeme!$A$5:$A$204,0)),"")) | F25: =IF(OR(A25="",D25=""),"",D25*IFERROR(INDEX(Kur!$B$5:$B$7,MATCH(E25,Kur!$A$5:$A$7,0)),0)) | I25: =IF(A25="","",IF(D25="","FİYAT GİRİLMEMİŞ",IF(B25="KATALOGDA YOK","KATALOGDA YOK","Tamam")))
B26: =IF(A26="","",IFERROR(INDEX(Ana_Malzeme!$B$5:$B$204,MATCH(A26,Ana_Malzeme!$A$5:$A$204,0)),"KATALOGDA YOK")) | C26: =IF(A26="","",IFERROR(INDEX(Ana_Malzeme!$D$5:$D$204,MATCH(A26,Ana_Malzeme!$A$5:$A$204,0)),"")) | F26: =IF(OR(A26="",D26=""),"",D26*IFERROR(INDEX(Kur!$B$5:$B$7,MATCH(E26,Kur!$A$5:$A$7,0)),0)) | I26: =IF(A26="","",IF(D26="","FİYAT GİRİLMEMİŞ",IF(B26="KATALOGDA YOK","KATALOGDA YOK","Tamam")))
B27: =IF(A27="","",IFERROR(INDEX(Ana_Malzeme!$B$5:$B$204,MATCH(A27,Ana_Malzeme!$A$5:$A$204,0)),"KATALOGDA YOK")) | C27: =IF(A27="","",IFERROR(INDEX(Ana_Malzeme!$D$5:$D$204,MATCH(A27,Ana_Malzeme!$A$5:$A$204,0)),"")) | F27: =IF(OR(A27="",D27=""),"",D27*IFERROR(INDEX(Kur!$B$5:$B$7,MATCH(E27,Kur!$A$5:$A$7,0)),0)) | I27: =IF(A27="","",IF(D27="","FİYAT GİRİLMEMİŞ",IF(B27="KATALOGDA YOK","KATALOGDA YOK","Tamam")))
B28: =IF(A28="","",IFERROR(INDEX(Ana_Malzeme!$B$5:$B$204,MATCH(A28,Ana_Malzeme!$A$5:$A$204,0)),"KATALOGDA YOK")) | C28: =IF(A28="","",IFERROR(INDEX(Ana_Malzeme!$D$5:$D$204,MATCH(A28,Ana_Malzeme!$A$5:$A$204,0)),"")) | F28: =IF(OR(A28="",D28=""),"",D28*IFERROR(INDEX(Kur!$B$5:$B$7,MATCH(E28,Kur!$A$5:$A$7,0)),0)) | I28: =IF(A28="","",IF(D28="","FİYAT GİRİLMEMİŞ",IF(B28="KATALOGDA YOK","KATALOGDA YOK","Tamam")))
B29: =IF(A29="","",IFERROR(INDEX(Ana_Malzeme!$B$5:$B$204,MATCH(A29,Ana_Malzeme!$A$5:$A$204,0)),"KATALOGDA YOK")) | C29: =IF(A29="","",IFERROR(INDEX(Ana_Malzeme!$D$5:$D$204,MATCH(A29,Ana_Malzeme!$A$5:$A$204,0)),"")) | F29: =IF(OR(A29="",D29=""),"",D29*IFERROR(INDEX(Kur!$B$5:$B$7,MATCH(E29,Kur!$A$5:$A$7,0)),0)) | I29: =IF(A29="","",IF(D29="","FİYAT GİRİLMEMİŞ",IF(B29="KATALOGDA YOK","KATALOGDA YOK","Tamam")))
B30: =IF(A30="","",IFERROR(INDEX(Ana_Malzeme!$B$5:$B$204,MATCH(A30,Ana_Malzeme!$A$5:$A$204,0)),"KATALOGDA YOK")) | C30: =IF(A30="","",IFERROR(INDEX(Ana_Malzeme!$D$5:$D$204,MATCH(A30,Ana_Malzeme!$A$5:$A$204,0)),"")) | F30: =IF(OR(A30="",D30=""),"",D30*IFERROR(INDEX(Kur!$B$5:$B$7,MATCH(E30,Kur!$A$5:$A$7,0)),0)) | I30: =IF(A30="","",IF(D30="","FİYAT GİRİLMEMİŞ",IF(B30="KATALOGDA YOK","KATALOGDA YOK","Tamam")))
B31: =IF(A31="","",IFERROR(INDEX(Ana_Malzeme!$B$5:$B$204,MATCH(A31,Ana_Malzeme!$A$5:$A$204,0)),"KATALOGDA YOK")) | C31: =IF(A31="","",IFERROR(INDEX(Ana_Malzeme!$D$5:$D$204,MATCH(A31,Ana_Malzeme!$A$5:$A$204,0)),"")) | F31: =IF(OR(A31="",D31=""),"",D31*IFERROR(INDEX(Kur!$B$5:$B$7,MATCH(E31,Kur!$A$5:$A$7,0)),0)) | I31: =IF(A31="","",IF(D31="","FİYAT GİRİLMEMİŞ",IF(B31="KATALOGDA YOK","KATALOGDA YOK","Tamam")))
B32: =IF(A32="","",IFERROR(INDEX(Ana_Malzeme!$B$5:$B$204,MATCH(A32,Ana_Malzeme!$A$5:$A$204,0)),"KATALOGDA YOK")) | C32: =IF(A32="","",IFERROR(INDEX(Ana_Malzeme!$D$5:$D$204,MATCH(A32,Ana_Malzeme!$A$5:$A$204,0)),"")) | F32: =IF(OR(A32="",D32=""),"",D32*IFERROR(INDEX(Kur!$B$5:$B$7,MATCH(E32,Kur!$A$5:$A$7,0)),0)) | I32: =IF(A32="","",IF(D32="","FİYAT GİRİLMEMİŞ",IF(B32="KATALOGDA YOK","KATALOGDA YOK","Tamam")))
B33: =IF(A33="","",IFERROR(INDEX(Ana_Malzeme!$B$5:$B$204,MATCH(A33,Ana_Malzeme!$A$5:$A$204,0)),"KATALOGDA YOK")) | C33: =IF(A33="","",IFERROR(INDEX(Ana_Malzeme!$D$5:$D$204,MATCH(A33,Ana_Malzeme!$A$5:$A$204,0)),"")) | F33: =IF(OR(A33="",D33=""),"",D33*IFERROR(INDEX(Kur!$B$5:$B$7,MATCH(E33,Kur!$A$5:$A$7,0)),0)) | I33: =IF(A33="","",IF(D33="","FİYAT GİRİLMEMİŞ",IF(B33="KATALOGDA YOK","KATALOGDA YOK","Tamam")))
B34: =IF(A34="","",IFERROR(INDEX(Ana_Malzeme!$B$5:$B$204,MATCH(A34,Ana_Malzeme!$A$5:$A$204,0)),"KATALOGDA YOK")) | C34: =IF(A34="","",IFERROR(INDEX(Ana_Malzeme!$D$5:$D$204,MATCH(A34,Ana_Malzeme!$A$5:$A$204,0)),"")) | F34: =IF(OR(A34="",D34=""),"",D34*IFERROR(INDEX(Kur!$B$5:$B$7,MATCH(E34,Kur!$A$5:$A$7,0)),0)) | I34: =IF(A34="","",IF(D34="","FİYAT GİRİLMEMİŞ",IF(B34="KATALOGDA YOK","KATALOGDA YOK","Tamam")))
B35: =IF(A35="","",IFERROR(INDEX(Ana_Malzeme!$B$5:$B$204,MATCH(A35,Ana_Malzeme!$A$5:$A$204,0)),"KATALOGDA YOK")) | C35: =IF(A35="","",IFERROR(INDEX(Ana_Malzeme!$D$5:$D$204,MATCH(A35,Ana_Malzeme!$A$5:$A$204,0)),"")) | F35: =IF(OR(A35="",D35=""),"",D35*IFERROR(INDEX(Kur!$B$5:$B$7,MATCH(E35,Kur!$A$5:$A$7,0)),0)) | I35: =IF(A35="","",IF(D35="","FİYAT GİRİLMEMİŞ",IF(B35="KATALOGDA YOK","KATALOGDA YOK","Tamam")))
... B204: =IF(A204="","",IFERROR(INDEX(Ana_Malzeme!$B$5:$B$204,MATCH(A204,Ana_Malzeme!$A$5:$A$204,0)),"KATALOGDA YOK")) | C204: =IF(A204="","",IFERROR(INDEX(Ana_Malzeme!$D$5:$D$204,MATCH(A204,Ana_Malzeme!$A$5:$A$204,0)),"")) | F204: =IF(OR(A204="",D204=""),"",D204*IFERROR(INDEX(Kur!$B$5:$B$7,MATCH(E204,Kur!$A$5:$A$7,0)),0)) | I204: =IF(A204="","",IF(D204="","FİYAT GİRİLMEMİŞ",IF(B204="KATALOGDA YOK","KATALOGDA YOK","Tamam")))

Sheet Kur
A1: Döviz Kurları
A2: Yönetici günceller. Fiyat dosyasındaki USD/EUR fiyatlar bu kurla TL'ye çevrilir.
A4: Para Birimi | B4: Kur (TL)
A5: TRY | B5: 1
A6: EUR | B6: 41.2
A7: USD | B7: 35.4

Sheet Giris_SacProfil
A1: Malzeme Girişi — Sac & Profil
A2: Kodu listeden seçin, miktarı girin. Gri sütunlar otomatik doludur.
A4: Sıra | B4: Malzeme Kodu | C4: Tanım (otomatik) | D4: Miktar | E4: Birim | F4: Birim Fiyat (TL) | G4: Tutar (TL) | H4: Uyarı
A5: 1 | B5: SAC-0301 | C5: =IF(B5="","",IFERROR(INDEX(Ana_Malzeme!$B$5:$B$204,MATCH(B5,Ana_Malzeme!$A$5:$A$204,0)),"KATALOGDA YOK")) -> DKP Sac 3 mm (1250x2500) | D5: 3 | E5: =IF(B5="","",IFERROR(INDEX(Ana_Malzeme!$D$5:$D$204,MATCH(B5,Ana_Malzeme!$A$5:$A$204,0)),"")) -> adet | F5: =IF(B5="","",IFERROR(INDEX(Fiyat!$F$5:$F$204,MATCH(B5,Fiyat!$A$5:$A$204,0))+0,"FİYAT YOK")) -> 4180 | G5: =IF(OR(B5="",D5="",NOT(ISNUMBER(F5))),0,D5*F5) -> 12540 | H5: =IF(B5="","",IF(C5="KATALOGDA YOK","Katalogda yok",IF(NOT(ISNUMBER(F5)),"Fiyat girilmemiş","")))
A6: 2 | B6: PRF-4040 | C6: =IF(B6="","",IFERROR(INDEX(Ana_Malzeme!$B$5:$B$204,MATCH(B6,Ana_Malzeme!$A$5:$A$204,0)),"KATALOGDA YOK")) -> Kutu Profil 40x40x2 mm | D6: 28 | E6: =IF(B6="","",IFERROR(INDEX(Ana_Malzeme!$D$5:$D$204,MATCH(B6,Ana_Malzeme!$A$5:$A$204,0)),"")) -> mt | F6: =IF(B6="","",IFERROR(INDEX(Fiyat!$F$5:$F$204,MATCH(B6,Fiyat!$A$5:$A$204,0))+0,"FİYAT YOK")) -> 96 | G6: =IF(OR(B6="",D6="",NOT(ISNUMBER(F6))),0,D6*F6) -> 2688 | H6: =IF(B6="","",IF(C6="KATALOGDA YOK","Katalogda yok",IF(NOT(ISNUMBER(F6)),"Fiyat girilmemiş","")))
A7: 3 | B7: PRF-3030 | C7: =IF(B7="","",IFERROR(INDEX(Ana_Malzeme!$B$5:$B$204,MATCH(B7,Ana_Malzeme!$A$5:$A$204,0)),"KATALOGDA YOK")) -> Kutu Profil 30x30x2 mm | D7: 14 | E7: =IF(B7="","",IFERROR(INDEX(Ana_Malzeme!$D$5:$D$204,MATCH(B7,Ana_Malzeme!$A$5:$A$204,0)),"")) -> mt | F7: =IF(B7="","",IFERROR(INDEX(Fiyat!$F$5:$F$204,MATCH(B7,Fiyat!$A$5:$A$204,0))+0,"FİYAT YOK")) -> 71 | G7: =IF(OR(B7="",D7="",NOT(ISNUMBER(F7))),0,D7*F7) -> 994 | H7: =IF(B7="","",IF(C7="KATALOGDA YOK","Katalogda yok",IF(NOT(ISNUMBER(F7)),"Fiyat girilmemiş","")))
A8: 4 | B8: PRF-ALU45 | C8: =IF(B8="","",IFERROR(INDEX(Ana_Malzeme!$B$5:$B$204,MATCH(B8,Ana_Malzeme!$A$5:$A$204,0)),"KATALOGDA YOK")) -> Alüminyum Sigma Profil 45x45 | D8: 12 | E8: =IF(B8="","",IFERROR(INDEX(Ana_Malzeme!$D$5:$D$204,MATCH(B8,Ana_Malzeme!$A$5:$A$204,0)),"")) -> mt | F8: =IF(B8="","",IFERROR(INDEX(Fiyat!$F$5:$F$204,MATCH(B8,Fiyat!$A$5:$A$204,0))+0,"FİYAT YOK")) -> 197.76 | G8: =IF(OR(B8="",D8="",NOT(ISNUMBER(F8))),0,D8*F8) -> 2373.12 | H8: =IF(B8="","",IF(C8="KATALOGDA YOK","Katalogda yok",IF(NOT(ISNUMBER(F8)),"Fiyat girilmemiş","")))
A9: 5 | C9: =IF(B9="","",IFERROR(INDEX(Ana_Malzeme!$B$5:$B$204,MATCH(B9,Ana_Malzeme!$A$5:$A$204,0)),"KATALOGDA YOK")) | E9: =IF(B9="","",IFERROR(INDEX(Ana_Malzeme!$D$5:$D$204,MATCH(B9,Ana_Malzeme!$A$5:$A$204,0)),"")) | F9: =IF(B9="","",IFERROR(INDEX(Fiyat!$F$5:$F$204,MATCH(B9,Fiyat!$A$5:$A$204,0))+0,"FİYAT YOK")) | G9: =IF(OR(B9="",D9="",NOT(ISNUMBER(F9))),0,D9*F9) -> 0 | H9: =IF(B9="","",IF(C9="KATALOGDA YOK","Katalogda yok",IF(NOT(ISNUMBER(F9)),"Fiyat girilmemiş","")))
A10: 6 | C10: =IF(B10="","",IFERROR(INDEX(Ana_Malzeme!$B$5:$B$204,MATCH(B10,Ana_Malzeme!$A$5:$A$204,0)),"KATALOGDA YOK")) | E10: =IF(B10="","",IFERROR(INDEX(Ana_Malzeme!$D$5:$D$204,MATCH(B10,Ana_Malzeme!$A$5:$A$204,0)),"")) | F10: =IF(B10="","",IFERROR(INDEX(Fiyat!$F$5:$F$204,MATCH(B10,Fiyat!$A$5:$A$204,0))+0,"FİYAT YOK")) | G10: =IF(OR(B10="",D10="",NOT(ISNUMBER(F10))),0,D10*F10) -> 0 | H10: =IF(B10="","",IF(C10="KATALOGDA YOK","Katalogda yok",IF(NOT(ISNUMBER(F10)),"Fiyat girilmemiş","")))
A11: 7 | C11: =IF(B11="","",IFERROR(INDEX(Ana_Malzeme!$B$5:$B$204,MATCH(B11,Ana_Malzeme!$A$5:$A$204,0)),"KATALOGDA YOK")) | E11: =IF(B11="","",IFERROR(INDEX(Ana_Malzeme!$D$5:$D$204,MATCH(B11,Ana_Malzeme!$A$5:$A$204,0)),"")) | F11: =IF(B11="","",IFERROR(INDEX(Fiyat!$F$5:$F$204,MATCH(B11,Fiyat!$A$5:$A$204,0))+0,"FİYAT YOK")) | G11: =IF(OR(B11="",D11="",NOT(ISNUMBER(F11))),0,D11*F11) -> 0 | H11: =IF(B11="","",IF(C11="KATALOGDA YOK","Katalogda yok",IF(NOT(ISNUMBER(F11)),"Fiyat girilmemiş","")))
A12: 8 | C12: =IF(B12="","",IFERROR(INDEX(Ana_Malzeme!$B$5:$B$204,MATCH(B12,Ana_Malzeme!$A$5:$A$204,0)),"KATALOGDA YOK")) | E12: =IF(B12="","",IFERROR(INDEX(Ana_Malzeme!$D$5:$D$204,MATCH(B12,Ana_Malzeme!$A$5:$A$204,0)),"")) | F12: =IF(B12="","",IFERROR(INDEX(Fiyat!$F$5:$F$204,MATCH(B12,Fiyat!$A$5:$A$204,0))+0,"FİYAT YOK")) | G12: =IF(OR(B12="",D12="",NOT(ISNUMBER(F12))),0,D12*F12) -> 0 | H12: =IF(B12="","",IF(C12="KATALOGDA YOK","Katalogda yok",IF(NOT(ISNUMBER(F12)),"Fiyat girilmemiş","")))
A13: 9 | C13: =IF(B13="","",IFERROR(INDEX(Ana_Malzeme!$B$5:$B$204,MATCH(B13,Ana_Malzeme!$A$5:$A$204,0)),"KATALOGDA YOK")) | E13: =IF(B13="","",IFERROR(INDEX(Ana_Malzeme!$D$5:$D$204,MATCH(B13,Ana_Malzeme!$A$5:$A$204,0)),"")) | F13: =IF(B13="","",IFERROR(INDEX(Fiyat!$F$5:$F$204,MATCH(B13,Fiyat!$A$5:$A$204,0))+0,"FİYAT YOK")) | G13: =IF(OR(B13="",D13="",NOT(ISNUMBER(F13))),0,D13*F13) -> 0 | H13: =IF(B13="","",IF(C13="KATALOGDA YOK","Katalogda yok",IF(NOT(ISNUMBER(F13)),"Fiyat girilmemiş","")))
A14: 10 | C14: =IF(B14="","",IFERROR(INDEX(Ana_Malzeme!$B$5:$B$204,MATCH(B14,Ana_Malzeme!$A$5:$A$204,0)),"KATALOGDA YOK")) | E14: =IF(B14="","",IFERROR(INDEX(Ana_Malzeme!$D$5:$D$204,MATCH(B14,Ana_Malzeme!$A$5:$A$204,0)),"")) | F14: =IF(B14="","",IFERROR(INDEX(Fiyat!$F$5:$F$204,MATCH(B14,Fiyat!$A$5:$A$204,0))+0,"FİYAT YOK")) | G14: =IF(OR(B14="",D14="",NOT(ISNUMBER(F14))),0,D14*F14) -> 0 | H14: =IF(B14="","",IF(C14="KATALOGDA YOK","Katalogda yok",IF(NOT(ISNUMBER(F14)),"Fiyat girilmemiş","")))
A15: 11 | C15: =IF(B15="","",IFERROR(INDEX(Ana_Malzeme!$B$5:$B$204,MATCH(B15,Ana_Malzeme!$A$5:$A$204,0)),"KATALOGDA YOK")) | E15: =IF(B15="","",IFERROR(INDEX(Ana_Malzeme!$D$5:$D$204,MATCH(B15,Ana_Malzeme!$A$5:$A$204,0)),"")) | F15: =IF(B15="","",IFERROR(INDEX(Fiyat!$F$5:$F$204,MATCH(B15,Fiyat!$A$5:$A$204,0))+0,"FİYAT YOK")) | G15: =IF(OR(B15="",D15="",NOT(ISNUMBER(F15))),0,D15*F15) -> 0 | H15: =IF(B15="","",IF(C15="KATALOGDA YOK","Katalogda yok",IF(NOT(ISNUMBER(F15)),"Fiyat girilmemiş","")))
A16: 12 | C16: =IF(B16="","",IFERROR(INDEX(Ana_Malzeme!$B$5:$B$204,MATCH(B16,Ana_Malzeme!$A$5:$A$204,0)),"KATALOGDA YOK")) | E16: =IF(B16="","",IFERROR(INDEX(Ana_Malzeme!$D$5:$D$204,MATCH(B16,Ana_Malzeme!$A$5:$A$204,0)),"")) | F16: =IF(B16="","",IFERROR(INDEX(Fiyat!$F$5:$F$204,MATCH(B16,Fiyat!$A$5:$A$204,0))+0,"FİYAT YOK")) | G16: =IF(OR(B16="",D16="",NOT(ISNUMBER(F16))),0,D16*F16) -> 0 | H16: =IF(B16="","",IF(C16="KATALOGDA YOK","Katalogda yok",IF(NOT(ISNUMBER(F16)),"Fiyat girilmemiş","")))
A17: 13 | C17: =IF(B17="","",IFERROR(INDEX(Ana_Malzeme!$B$5:$B$204,MATCH(B17,Ana_Malzeme!$A$5:$A$204,0)),"KATALOGDA YOK")) | E17: =IF(B17="","",IFERROR(INDEX(Ana_Malzeme!$D$5:$D$204,MATCH(B17,Ana_Malzeme!$A$5:$A$204,0)),"")) | F17: =IF(B17="","",IFERROR(INDEX(Fiyat!$F$5:$F$204,MATCH(B17,Fiyat!$A$5:$A$204,0))+0,"FİYAT YOK")) | G17: =IF(OR(B17="",D17="",NOT(ISNUMBER(F17))),0,D17*F17) -> 0 | H17: =IF(B17="","",IF(C17="KATALOGDA YOK","Katalogda yok",IF(NOT(ISNUMBER(F17)),"Fiyat girilmemiş","")))
A18: 14 | C18: =IF(B18="","",IFERROR(INDEX(Ana_Malzeme!$B$5:$B$204,MATCH(B18,Ana_Malzeme!$A$5:$A$204,0)),"KATALOGDA YOK")) | E18: =IF(B18="","",IFERROR(INDEX(Ana_Malzeme!$D$5:$D$204,MATCH(B18,Ana_Malzeme!$A$5:$A$204,0)),"")) | F18: =IF(B18="","",IFERROR(INDEX(Fiyat!$F$5:$F$204,MATCH(B18,Fiyat!$A$5:$A$204,0))+0,"FİYAT YOK")) | G18: =IF(OR(B18="",D18="",NOT(ISNUMBER(F18))),0,D18*F18) -> 0 | H18: =IF(B18="","",IF(C18="KATALOGDA YOK","Katalogda yok",IF(NOT(ISNUMBER(F18)),"Fiyat girilmemiş","")))
A19: 15 | C19: =IF(B19="","",IFERROR(INDEX(Ana_Malzeme!$B$5:$B$204,MATCH(B19,Ana_Malzeme!$A$5:$A$204,0)),"KATALOGDA YOK")) | E19: =IF(B19="","",IFERROR(INDEX(Ana_Malzeme!$D$5:$D$204,MATCH(B19,Ana_Malzeme!$A$5:$A$204,0)),"")) | F19: =IF(B19="","",IFERROR(INDEX(Fiyat!$F$5:$F$204,MATCH(B19,Fiyat!$A$5:$A$204,0))+0,"FİYAT YOK")) | G19: =IF(OR(B19="",D19="",NOT(ISNUMBER(F19))),0,D19*F19) -> 0 | H19: =IF(B19="","",IF(C19="KATALOGDA YOK","Katalogda yok",IF(NOT(ISNUMBER(F19)),"Fiyat girilmemiş","")))
A20: 16 | C20: =IF(B20="","",IFERROR(INDEX(Ana_Malzeme!$B$5:$B$204,MATCH(B20,Ana_Malzeme!$A$5:$A$204,0)),"KATALOGDA YOK")) | E20: =IF(B20="","",IFERROR(INDEX(Ana_Malzeme!$D$5:$D$204,MATCH(B20,Ana_Malzeme!$A$5:$A$204,0)),"")) | F20: =IF(B20="","",IFERROR(INDEX(Fiyat!$F$5:$F$204,MATCH(B20,Fiyat!$A$5:$A$204,0))+0,"FİYAT YOK")) | G20: =IF(OR(B20="",D20="",NOT(ISNUMBER(F20))),0,D20*F20) -> 0 | H20: =IF(B20="","",IF(C20="KATALOGDA YOK","Katalogda yok",IF(NOT(ISNUMBER(F20)),"Fiyat girilmemiş","")))
... A29: 25 | C29: =IF(B29="","",IFERROR(INDEX(Ana_Malzeme!$B$5:$B$204,MATCH(B29,Ana_Malzeme!$A$5:$A$204,0)),"KATALOGDA YOK")) | E29: =IF(B29="","",IFERROR(INDEX(Ana_Malzeme!$D$5:$D$204,MATCH(B29,Ana_Malzeme!$A$5:$A$204,0)),"")) | F29: =IF(B29="","",IFERROR(INDEX(Fiyat!$F$5:$F$204,MATCH(B29,Fiyat!$A$5:$A$204,0))+0,"FİYAT YOK")) | G29: =IF(OR(B29="",D29="",NOT(ISNUMBER(F29))),0,D29*F29) -> 0 | H29: =IF(B29="","",IF(C29="KATALOGDA YOK","Katalogda yok",IF(NOT(ISNUMBER(F29)),"Fiyat girilmemiş","")))
F31: Sekme toplamı | G31: =SUM(G5:G29) -> 18595.12

Sheet Giris_MotorRedüktör
A1: Malzeme Girişi — Motor & Redüktör
A2: Kodu listeden seçin, miktarı girin. Gri sütunlar otomatik doludur.
A4: Sıra | B4: Malzeme Kodu | C4: Tanım (otomatik) | D4: Miktar | E4: Birim | F4: Birim Fiyat (TL) | G4: Tutar (TL) | H4: Uyarı
A5: 1 | B5: MOT-075 | C5: =IF(B5="","",IFERROR(INDEX(Ana_Malzeme!$B$5:$B$204,MATCH(B5,Ana_Malzeme!$A$5:$A$204,0)),"KATALOGDA YOK")) -> Asenkron Motor 0,75 kW 1400 d/d | D5: 1 | E5: =IF(B5="","",IFERROR(INDEX(Ana_Malzeme!$D$5:$D$204,MATCH(B5,Ana_Malzeme!$A$5:$A$204,0)),"")) -> adet | F5: =IF(B5="","",IFERROR(INDEX(Fiyat!$F$5:$F$204,MATCH(B5,Fiyat!$A$5:$A$204,0))+0,"FİYAT YOK")) -> 3350 | G5: =IF(OR(B5="",D5="",NOT(ISNUMBER(F5))),0,D5*F5) -> 3350 | H5: =IF(B5="","",IF(C5="KATALOGDA YOK","Katalogda yok",IF(NOT(ISNUMBER(F5)),"Fiyat girilmemiş","")))
A6: 2 | B6: RED-W63 | C6: =IF(B6="","",IFERROR(INDEX(Ana_Malzeme!$B$5:$B$204,MATCH(B6,Ana_Malzeme!$A$5:$A$204,0)),"KATALOGDA YOK")) -> Sonsuz Vida Redüktör W63 1:20 | D6: 1 | E6: =IF(B6="","",IFERROR(INDEX(Ana_Malzeme!$D$5:$D$204,MATCH(B6,Ana_Malzeme!$A$5:$A$204,0)),"")) -> adet | F6: =IF(B6="","",IFERROR(INDEX(Fiyat!$F$5:$F$204,MATCH(B6,Fiyat!$A$5:$A$204,0))+0,"FİYAT YOK")) -> 3890 | G6: =IF(OR(B6="",D6="",NOT(ISNUMBER(F6))),0,D6*F6) -> 3890 | H6: =IF(B6="","",IF(C6="KATALOGDA YOK","Katalogda yok",IF(NOT(ISNUMBER(F6)),"Fiyat girilmemiş","")))
A7: 3 | B7: SRV-ST40 | C7: =IF(B7="","",IFERROR(INDEX(Ana_Malzeme!$B$5:$B$204,MATCH(B7,Ana_Malzeme!$A$5:$A$204,0)),"KATALOGDA YOK")) -> Servo Motor 400 W + Sürücü | D7: 2 | E7: =IF(B7="","",IFERROR(INDEX(Ana_Malzeme!$D$5:$D$204,MATCH(B7,Ana_Malzeme!$A$5:$A$204,0)),"")) -> takım | F7: =IF(B7="","",IFERROR(INDEX(Fiyat!$F$5:$F$204,MATCH(B7,Fiyat!$A$5:$A$204,0))+0,"FİYAT YOK")) -> 8858 | G7: =IF(OR(B7="",D7="",NOT(ISNUMBER(F7))),0,D7*F7) -> 17716 | H7: =IF(B7="","",IF(C7="KATALOGDA YOK","Katalogda yok",IF(NOT(ISNUMBER(F7)),"Fiyat girilmemiş","")))
A8: 4 | C8: =IF(B8="","",IFERROR(INDEX(Ana_Malzeme!$B$5:$B$204,MATCH(B8,Ana_Malzeme!$A$5:$A$204,0)),"KATALOGDA YOK")) | E8: =IF(B8="","",IFERROR(INDEX(Ana_Malzeme!$D$5:$D$204,MATCH(B8,Ana_Malzeme!$A$5:$A$204,0)),"")) | F8: =IF(B8="","",IFERROR(INDEX(Fiyat!$F$5:$F$204,MATCH(B8,Fiyat!$A$5:$A$204,0))+0,"FİYAT YOK")) | G8: =IF(OR(B8="",D8="",NOT(ISNUMBER(F8))),0,D8*F8) -> 0 | H8: =IF(B8="","",IF(C8="KATALOGDA YOK","Katalogda yok",IF(NOT(ISNUMBER(F8)),"Fiyat girilmemiş","")))
A9: 5 | C9: =IF(B9="","",IFERROR(INDEX(Ana_Malzeme!$B$5:$B$204,MATCH(B9,Ana_Malzeme!$A$5:$A$204,0)),"KATALOGDA YOK")) | E9: =IF(B9="","",IFERROR(INDEX(Ana_Malzeme!$D$5:$D$204,MATCH(B9,Ana_Malzeme!$A$5:$A$204,0)),"")) | F9: =IF(B9="","",IFERROR(INDEX(Fiyat!$F$5:$F$204,MATCH(B9,Fiyat!$A$5:$A$204,0))+0,"FİYAT YOK")) | G9: =IF(OR(B9="",D9="",NOT(ISNUMBER(F9))),0,D9*F9) -> 0 | H9: =IF(B9="","",IF(C9="KATALOGDA YOK","Katalogda yok",IF(NOT(ISNUMBER(F9)),"Fiyat girilmemiş","")))
A10: 6 | C10: =IF(B10="","",IFERROR(INDEX(Ana_Malzeme!$B$5:$B$204,MATCH(B10,Ana_Malzeme!$A$5:$A$204,0)),"KATALOGDA YOK")) | E10: =IF(B10="","",IFERROR(INDEX(Ana_Malzeme!$D$5:$D$204,MATCH(B10,Ana_Malzeme!$A$5:$A$204,0)),"")) | F10: =IF(B10="","",IFERROR(INDEX(Fiyat!$F$5:$F$204,MATCH(B10,Fiyat!$A$5:$A$204,0))+0,"FİYAT YOK")) | G10: =IF(OR(B10="",D10="",NOT(ISNUMBER(F10))),0,D10*F10) -> 0 | H10: =IF(B10="","",IF(C10="KATALOGDA YOK","Katalogda yok",IF(NOT(ISNUMBER(F10)),"Fiyat girilmemiş","")))
A11: 7 | C11: =IF(B11="","",IFERROR(INDEX(Ana_Malzeme!$B$5:$B$204,MATCH(B11,Ana_Malzeme!$A$5:$A$204,0)),"KATALOGDA YOK")) | E11: =IF(B11="","",IFERROR(INDEX(Ana_Malzeme!$D$5:$D$204,MATCH(B11,Ana_Malzeme!$A$5:$A$204,0)),"")) | F11: =IF(B11="","",IFERROR(INDEX(Fiyat!$F$5:$F$204,MATCH(B11,Fiyat!$A$5:$A$204,0))+0,"FİYAT YOK")) | G11: =IF(OR(B11="",D11="",NOT(ISNUMBER(F11))),0,D11*F11) -> 0 | H11: =IF(B11="","",IF(C11="KATALOGDA YOK","Katalogda yok",IF(NOT(ISNUMBER(F11)),"Fiyat girilmemiş","")))
A12: 8 | C12: =IF(B12="","",IFERROR(INDEX(Ana_Malzeme!$B$5:$B$204,MATCH(B12,Ana_Malzeme!$A$5:$A$204,0)),"KATALOGDA YOK")) | E12: =IF(B12="","",IFERROR(INDEX(Ana_Malzeme!$D$5:$D$204,MATCH(B12,Ana_Malzeme!$A$5:$A$204,0)),"")) | F12: =IF(B12="","",IFERROR(INDEX(Fiyat!$F$5:$F$204,MATCH(B12,Fiyat!$A$5:$A$204,0))+0,"FİYAT YOK")) | G12: =IF(OR(B12="",D12="",NOT(ISNUMBER(F12))),0,D12*F12) -> 0 | H12: =IF(B12="","",IF(C12="KATALOGDA YOK","Katalogda yok",IF(NOT(ISNUMBER(F12)),"Fiyat girilmemiş","")))
A13: 9 | C13: =IF(B13="","",IFERROR(INDEX(Ana_Malzeme!$B$5:$B$204,MATCH(B13,Ana_Malzeme!$A$5:$A$204,0)),"KATALOGDA YOK")) | E13: =IF(B13="","",IFERROR(INDEX(Ana_Malzeme!$D$5:$D$204,MATCH(B13,Ana_Malzeme!$A$5:$A$204,0)),"")) | F13: =IF(B13="","",IFERROR(INDEX(Fiyat!$F$5:$F$204,MATCH(B13,Fiyat!$A$5:$A$204,0))+0,"FİYAT YOK")) | G13: =IF(OR(B13="",D13="",NOT(ISNUMBER(F13))),0,D13*F13) -> 0 | H13: =IF(B13="","",IF(C13="KATALOGDA YOK","Katalogda yok",IF(NOT(ISNUMBER(F13)),"Fiyat girilmemiş","")))
A14: 10 | C14: =IF(B14="","",IFERROR(INDEX(Ana_Malzeme!$B$5:$B$204,MATCH(B14,Ana_Malzeme!$A$5:$A$204,0)),"KATALOGDA YOK")) | E14: =IF(B14="","",IFERROR(INDEX(Ana_Malzeme!$D$5:$D$204,MATCH(B14,Ana_Malzeme!$A$5:$A$204,0)),"")) | F14: =IF(B14="","",IFERROR(INDEX(Fiyat!$F$5:$F$204,MATCH(B14,Fiyat!$A$5:$A$204,0))+0,"FİYAT YOK")) | G14: =IF(OR(B14="",D14="",NOT(ISNUMBER(F14))),0,D14*F14) -> 0 | H14: =IF(B14="","",IF(C14="KATALOGDA YOK","Katalogda yok",IF(NOT(ISNUMBER(F14)),"Fiyat girilmemiş","")))
A15: 11 | C15: =IF(B15="","",IFERROR(INDEX(Ana_Malzeme!$B$5:$B$204,MATCH(B15,Ana_Malzeme!$A$5:$A$204,0)),"KATALOGDA YOK")) | E15: =IF(B15="","",IFERROR(INDEX(Ana_Malzeme!$D$5:$D$204,MATCH(B15,Ana_Malzeme!$A$5:$A$204,0)),"")) | F15: =IF(B15="","",IFERROR(INDEX(Fiyat!$F$5:$F$204,MATCH(B15,Fiyat!$A$5:$A$204,0))+0,"FİYAT YOK")) | G15: =IF(OR(B15="",D15="",NOT(ISNUMBER(F15))),0,D15*F15) -> 0 | H15: =IF(B15="","",IF(C15="KATALOGDA YOK","Katalogda yok",IF(NOT(ISNUMBER(F15)),"Fiyat girilmemiş","")))
A16: 12 | C16: =IF(B16="","",IFERROR(INDEX(Ana_Malzeme!$B$5:$B$204,MATCH(B16,Ana_Malzeme!$A$5:$A$204,0)),"KATALOGDA YOK")) | E16: =IF(B16="","",IFERROR(INDEX(Ana_Malzeme!$D$5:$D$204,MATCH(B16,Ana_Malzeme!$A$5:$A$204,0)),"")) | F16: =IF(B16="","",IFERROR(INDEX(Fiyat!$F$5:$F$204,MATCH(B16,Fiyat!$A$5:$A$204,0))+0,"FİYAT YOK")) | G16: =IF(OR(B16="",D16="",NOT(ISNUMBER(F16))),0,D16*F16) -> 0 | H16: =IF(B16="","",IF(C16="KATALOGDA YOK","Katalogda yok",IF(NOT(ISNUMBER(F16)),"Fiyat girilmemiş","")))
A17: 13 | C17: =IF(B17="","",IFERROR(INDEX(Ana_Malzeme!$B$5:$B$204,MATCH(B17,Ana_Malzeme!$A$5:$A$204,0)),"KATALOGDA YOK")) | E17: =IF(B17="","",IFERROR(INDEX(Ana_Malzeme!$D$5:$D$204,MATCH(B17,Ana_Malzeme!$A$5:$A$204,0)),"")) | F17: =IF(B17="","",IFERROR(INDEX(Fiyat!$F$5:$F$204,MATCH(B17,Fiyat!$A$5:$A$204,0))+0,"FİYAT YOK")) | G17: =IF(OR(B17="",D17="",NOT(ISNUMBER(F17))),0,D17*F17) -> 0 | H17: =IF(B17="","",IF(C17="KATALOGDA YOK","Katalogda yok",IF(NOT(ISNUMBER(F17)),"Fiyat girilmemiş","")))
A18: 14 | C18: =IF(B18="","",IFERROR(INDEX(Ana_Malzeme!$B$5:$B$204,MATCH(B18,Ana_Malzeme!$A$5:$A$204,0)),"KATALOGDA YOK")) | E18: =IF(B18="","",IFERROR(INDEX(Ana_Malzeme!$D$5:$D$204,MATCH(B18,Ana_Malzeme!$A$5:$A$204,0)),"")) | F18: =IF(B18="","",IFERROR(INDEX(Fiyat!$F$5:$F$204,MATCH(B18,Fiyat!$A$5:$A$204,0))+0,"FİYAT YOK")) | G18: =IF(OR(B18="",D18="",NOT(ISNUMBER(F18))),0,D18*F18) -> 0 | H18: =IF(B18="","",IF(C18="KATALOGDA YOK","Katalogda yok",IF(NOT(ISNUMBER(F18)),"Fiyat girilmemiş","")))
A19: 15 | C19: =IF(B19="","",IFERROR(INDEX(Ana_Malzeme!$B$5:$B$204,MATCH(B19,Ana_Malzeme!$A$5:$A$204,0)),"KATALOGDA YOK")) | E19: =IF(B19="","",IFERROR(INDEX(Ana_Malzeme!$D$5:$D$204,MATCH(B19,Ana_Malzeme!$A$5:$A$204,0)),"")) | F19: =IF(B19="","",IFERROR(INDEX(Fiyat!$F$5:$F$204,MATCH(B19,Fiyat!$A$5:$A$204,0))+0,"FİYAT YOK")) | G19: =IF(OR(B19="",D19="",NOT(ISNUMBER(F19))),0,D19*F19) -> 0 | H19: =IF(B19="","",IF(C19="KATALOGDA YOK","Katalogda yok",IF(NOT(ISNUMBER(F19)),"Fiyat girilmemiş","")))
... A29: 25 | C29: =IF(B29="","",IFERROR(INDEX(Ana_Malzeme!$B$5:$B$204,MATCH(B29,Ana_Malzeme!$A$5:$A$204,0)),"KATALOGDA YOK")) | E29: =IF(B29="","",IFERROR(INDEX(Ana_Malzeme!$D$5:$D$204,MATCH(B29,Ana_Malzeme!$A$5:$A$204,0)),"")) | F29: =IF(B29="","",IFERROR(INDEX(Fiyat!$F$5:$F$204,MATCH(B29,Fiyat!$A$5:$A$204,0))+0,"FİYAT YOK")) | G29: =IF(OR(B29="",D29="",NOT(ISNUMBER(F29))),0,D29*F29) -> 0 | H29: =IF(B29="","",IF(C29="KATALOGDA YOK","Katalogda yok",IF(NOT(ISNUMBER(F29)),"Fiyat girilmemiş","")))
F31: Sekme toplamı | G31: =SUM(G5:G29) -> 24956

Sheet Giris_Elektrik
A1: Malzeme Girişi — Elektrik
A2: Kodu listeden seçin, miktarı girin. Gri sütunlar otomatik doludur.
A4: Sıra | B4: Malzeme Kodu | C4: Tanım (otomatik) | D4: Miktar | E4: Birim | F4: Birim Fiyat (TL) | G4: Tutar (TL) | H4: Uyarı
A5: 1 | B5: ELK-PLC1 | C5: =IF(B5="","",IFERROR(INDEX(Ana_Malzeme!$B$5:$B$204,MATCH(B5,Ana_Malzeme!$A$5:$A$204,0)),"KATALOGDA YOK")) -> PLC CPU 14 G/Ç Röle Çıkışlı | D5: 1 | E5: =IF(B5="","",IFERROR(INDEX(Ana_Malzeme!$D$5:$D$204,MATCH(B5,Ana_Malzeme!$A$5:$A$204,0)),"")) -> adet | F5: =IF(B5="","",IFERROR(INDEX(Fiyat!$F$5:$F$204,MATCH(B5,Fiyat!$A$5:$A$204,0))+0,"FİYAT YOK")) -> 5850.4 | G5: =IF(OR(B5="",D5="",NOT(ISNUMBER(F5))),0,D5*F5) -> 5850.4 | H5: =IF(B5="","",IF(C5="KATALOGDA YOK","Katalogda yok",IF(NOT(ISNUMBER(F5)),"Fiyat girilmemiş","")))
A6: 2 | B6: ELK-HMI7 | C6: =IF(B6="","",IFERROR(INDEX(Ana_Malzeme!$B$5:$B$204,MATCH(B6,Ana_Malzeme!$A$5:$A$204,0)),"KATALOGDA YOK")) -> HMI Dokunmatik Panel 7" | D6: 1 | E6: =IF(B6="","",IFERROR(INDEX(Ana_Malzeme!$D$5:$D$204,MATCH(B6,Ana_Malzeme!$A$5:$A$204,0)),"")) -> adet | F6: =IF(B6="","",IFERROR(INDEX(Fiyat!$F$5:$F$204,MATCH(B6,Fiyat!$A$5:$A$204,0))+0,"FİYAT YOK")) -> 7745.6 | G6: =IF(OR(B6="",D6="",NOT(ISNUMBER(F6))),0,D6*F6) -> 7745.6 | H6: =IF(B6="","",IF(C6="KATALOGDA YOK","Katalogda yok",IF(NOT(ISNUMBER(F6)),"Fiyat girilmemiş","")))
A7: 3 | B7: ELK-KBL3 | C7: =IF(B7="","",IFERROR(INDEX(Ana_Malzeme!$B$5:$B$204,MATCH(B7,Ana_Malzeme!$A$5:$A$204,0)),"KATALOGDA YOK")) -> Kablo 3x1,5 mm² Esnek | D7: 35 | E7: =IF(B7="","",IFERROR(INDEX(Ana_Malzeme!$D$5:$D$204,MATCH(B7,Ana_Malzeme!$A$5:$A$204,0)),"")) -> mt | F7: =IF(B7="","",IFERROR(INDEX(Fiyat!$F$5:$F$204,MATCH(B7,Fiyat!$A$5:$A$204,0))+0,"FİYAT YOK")) -> 21.5 | G7: =IF(OR(B7="",D7="",NOT(ISNUMBER(F7))),0,D7*F7) -> 752.5 | H7: =IF(B7="","",IF(C7="KATALOGDA YOK","Katalogda yok",IF(NOT(ISNUMBER(F7)),"Fiyat girilmemiş","")))
A8: 4 | B8: ELK-SNS | C8: =IF(B8="","",IFERROR(INDEX(Ana_Malzeme!$B$5:$B$204,MATCH(B8,Ana_Malzeme!$A$5:$A$204,0)),"KATALOGDA YOK")) -> Endüktif Sensör M12 PNP | D8: 6 | E8: =IF(B8="","",IFERROR(INDEX(Ana_Malzeme!$D$5:$D$204,MATCH(B8,Ana_Malzeme!$A$5:$A$204,0)),"")) -> adet | F8: =IF(B8="","",IFERROR(INDEX(Fiyat!$F$5:$F$204,MATCH(B8,Fiyat!$A$5:$A$204,0))+0,"FİYAT YOK")) -> 263.68 | G8: =IF(OR(B8="",D8="",NOT(ISNUMBER(F8))),0,D8*F8) -> 1582.08 | H8: =IF(B8="","",IF(C8="KATALOGDA YOK","Katalogda yok",IF(NOT(ISNUMBER(F8)),"Fiyat girilmemiş","")))
A9: 5 | B9: ELK-RLE | C9: =IF(B9="","",IFERROR(INDEX(Ana_Malzeme!$B$5:$B$204,MATCH(B9,Ana_Malzeme!$A$5:$A$204,0)),"KATALOGDA YOK")) -> Röle 24 V DC 8 pin + Soket | D9: 8 | E9: =IF(B9="","",IFERROR(INDEX(Ana_Malzeme!$D$5:$D$204,MATCH(B9,Ana_Malzeme!$A$5:$A$204,0)),"")) -> adet | F9: =IF(B9="","",IFERROR(INDEX(Fiyat!$F$5:$F$204,MATCH(B9,Fiyat!$A$5:$A$204,0))+0,"FİYAT YOK")) -> 127.72 | G9: =IF(OR(B9="",D9="",NOT(ISNUMBER(F9))),0,D9*F9) -> 1021.76 | H9: =IF(B9="","",IF(C9="KATALOGDA YOK","Katalogda yok",IF(NOT(ISNUMBER(F9)),"Fiyat girilmemiş","")))
A10: 6 | C10: =IF(B10="","",IFERROR(INDEX(Ana_Malzeme!$B$5:$B$204,MATCH(B10,Ana_Malzeme!$A$5:$A$204,0)),"KATALOGDA YOK")) | E10: =IF(B10="","",IFERROR(INDEX(Ana_Malzeme!$D$5:$D$204,MATCH(B10,Ana_Malzeme!$A$5:$A$204,0)),"")) | F10: =IF(B10="","",IFERROR(INDEX(Fiyat!$F$5:$F$204,MATCH(B10,Fiyat!$A$5:$A$204,0))+0,"FİYAT YOK")) | G10: =IF(OR(B10="",D10="",NOT(ISNUMBER(F10))),0,D10*F10) -> 0 | H10: =IF(B10="","",IF(C10="KATALOGDA YOK","Katalogda yok",IF(NOT(ISNUMBER(F10)),"Fiyat girilmemiş","")))
A11: 7 | C11: =IF(B11="","",IFERROR(INDEX(Ana_Malzeme!$B$5:$B$204,MATCH(B11,Ana_Malzeme!$A$5:$A$204,0)),"KATALOGDA YOK")) | E11: =IF(B11="","",IFERROR(INDEX(Ana_Malzeme!$D$5:$D$204,MATCH(B11,Ana_Malzeme!$A$5:$A$204,0)),"")) | F11: =IF(B11="","",IFERROR(INDEX(Fiyat!$F$5:$F$204,MATCH(B11,Fiyat!$A$5:$A$204,0))+0,"FİYAT YOK")) | G11: =IF(OR(B11="",D11="",NOT(ISNUMBER(F11))),0,D11*F11) -> 0 | H11: =IF(B11="","",IF(C11="KATALOGDA YOK","Katalogda yok",IF(NOT(ISNUMBER(F11)),"Fiyat girilmemiş","")))
A12: 8 | C12: =IF(B12="","",IFERROR(INDEX(Ana_Malzeme!$B$5:$B$204,MATCH(B12,Ana_Malzeme!$A$5:$A$204,0)),"KATALOGDA YOK")) | E12: =IF(B12="","",IFERROR(INDEX(Ana_Malzeme!$D$5:$D$204,MATCH(B12,Ana_Malzeme!$A$5:$A$204,0)),"")) | F12: =IF(B12="","",IFERROR(INDEX(Fiyat!$F$5:$F$204,MATCH(B12,Fiyat!$A$5:$A$204,0))+0,"FİYAT YOK")) | G12: =IF(OR(B12="",D12="",NOT(ISNUMBER(F12))),0,D12*F12) -> 0 | H12: =IF(B12="","",IF(C12="KATALOGDA YOK","Katalogda yok",IF(NOT(ISNUMBER(F12)),"Fiyat girilmemiş","")))
A13: 9 | C13: =IF(B13="","",IFERROR(INDEX(Ana_Malzeme!$B$5:$B$204,MATCH(B13,Ana_Malzeme!$A$5:$A$204,0)),"KATALOGDA YOK")) | E13: =IF(B13="","",IFERROR(INDEX(Ana_Malzeme!$D$5:$D$204,MATCH(B13,Ana_Malzeme!$A$5:$A$204,0)),"")) | F13: =IF(B13="","",IFERROR(INDEX(Fiyat!$F$5:$F$204,MATCH(B13,Fiyat!$A$5:$A$204,0))+0,"FİYAT YOK")) | G13: =IF(OR(B13="",D13="",NOT(ISNUMBER(F13))),0,D13*F13) -> 0 | H13: =IF(B13="","",IF(C13="KATALOGDA YOK","Katalogda yok",IF(NOT(ISNUMBER(F13)),"Fiyat girilmemiş","")))
A14: 10 | C14: =IF(B14="","",IFERROR(INDEX(Ana_Malzeme!$B$5:$B$204,MATCH(B14,Ana_Malzeme!$A$5:$A$204,0)),"KATALOGDA YOK")) | E14: =IF(B14="","",IFERROR(INDEX(Ana_Malzeme!$D$5:$D$204,MATCH(B14,Ana_Malzeme!$A$5:$A$204,0)),"")) | F14: =IF(B14="","",IFERROR(INDEX(Fiyat!$F$5:$F$204,MATCH(B14,Fiyat!$A$5:$A$204,0))+0,"FİYAT YOK")) | G14: =IF(OR(B14="",D14="",NOT(ISNUMBER(F14))),0,D14*F14) -> 0 | H14: =IF(B14="","",IF(C14="KATALOGDA YOK","Katalogda yok",IF(NOT(ISNUMBER(F14)),"Fiyat girilmemiş","")))
A15: 11 | C15: =IF(B15="","",IFERROR(INDEX(Ana_Malzeme!$B$5:$B$204,MATCH(B15,Ana_Malzeme!$A$5:$A$204,0)),"KATALOGDA YOK")) | E15: =IF(B15="","",IFERROR(INDEX(Ana_Malzeme!$D$5:$D$204,MATCH(B15,Ana_Malzeme!$A$5:$A$204,0)),"")) | F15: =IF(B15="","",IFERROR(INDEX(Fiyat!$F$5:$F$204,MATCH(B15,Fiyat!$A$5:$A$204,0))+0,"FİYAT YOK")) | G15: =IF(OR(B15="",D15="",NOT(ISNUMBER(F15))),0,D15*F15) -> 0 | H15: =IF(B15="","",IF(C15="KATALOGDA YOK","Katalogda yok",IF(NOT(ISNUMBER(F15)),"Fiyat girilmemiş","")))
A16: 12 | C16: =IF(B16="","",IFERROR(INDEX(Ana_Malzeme!$B$5:$B$204,MATCH(B16,Ana_Malzeme!$A$5:$A$204,0)),"KATALOGDA YOK")) | E16: =IF(B16="","",IFERROR(INDEX(Ana_Malzeme!$D$5:$D$204,MATCH(B16,Ana_Malzeme!$A$5:$A$204,0)),"")) | F16: =IF(B16="","",IFERROR(INDEX(Fiyat!$F$5:$F$204,MATCH(B16,Fiyat!$A$5:$A$204,0))+0,"FİYAT YOK")) | G16: =IF(OR(B16="",D16="",NOT(ISNUMBER(F16))),0,D16*F16) -> 0 | H16: =IF(B16="","",IF(C16="KATALOGDA YOK","Katalogda yok",IF(NOT(ISNUMBER(F16)),"Fiyat girilmemiş","")))
A17: 13 | C17: =IF(B17="","",IFERROR(INDEX(Ana_Malzeme!$B$5:$B$204,MATCH(B17,Ana_Malzeme!$A$5:$A$204,0)),"KATALOGDA YOK")) | E17: =IF(B17="","",IFERROR(INDEX(Ana_Malzeme!$D$5:$D$204,MATCH(B17,Ana_Malzeme!$A$5:$A$204,0)),"")) | F17: =IF(B17="","",IFERROR(INDEX(Fiyat!$F$5:$F$204,MATCH(B17,Fiyat!$A$5:$A$204,0))+0,"FİYAT YOK")) | G17: =IF(OR(B17="",D17="",NOT(ISNUMBER(F17))),0,D17*F17) -> 0 | H17: =IF(B17="","",IF(C17="KATALOGDA YOK","Katalogda yok",IF(NOT(ISNUMBER(F17)),"Fiyat girilmemiş","")))
A18: 14 | C18: =IF(B18="","",IFERROR(INDEX(Ana_Malzeme!$B$5:$B$204,MATCH(B18,Ana_Malzeme!$A$5:$A$204,0)),"KATALOGDA YOK")) | E18: =IF(B18="","",IFERROR(INDEX(Ana_Malzeme!$D$5:$D$204,MATCH(B18,Ana_Malzeme!$A$5:$A$204,0)),"")) | F18: =IF(B18="","",IFERROR(INDEX(Fiyat!$F$5:$F$204,MATCH(B18,Fiyat!$A$5:$A$204,0))+0,"FİYAT YOK")) | G18: =IF(OR(B18="",D18="",NOT(ISNUMBER(F18))),0,D18*F18) -> 0 | H18: =IF(B18="","",IF(C18="KATALOGDA YOK","Katalogda yok",IF(NOT(ISNUMBER(F18)),"Fiyat girilmemiş","")))
A19: 15 | C19: =IF(B19="","",IFERROR(INDEX(Ana_Malzeme!$B$5:$B$204,MATCH(B19,Ana_Malzeme!$A$5:$A$204,0)),"KATALOGDA YOK")) | E19: =IF(B19="","",IFERROR(INDEX(Ana_Malzeme!$D$5:$D$204,MATCH(B19,Ana_Malzeme!$A$5:$A$204,0)),"")) | F19: =IF(B19="","",IFERROR(INDEX(Fiyat!$F$5:$F$204,MATCH(B19,Fiyat!$A$5:$A$204,0))+0,"FİYAT YOK")) | G19: =IF(OR(B19="",D19="",NOT(ISNUMBER(F19))),0,D19*F19) -> 0 | H19: =IF(B19="","",IF(C19="KATALOGDA YOK","Katalogda yok",IF(NOT(ISNUMBER(F19)),"Fiyat girilmemiş","")))
A20: 16 | C20: =IF(B20="","",IFERROR(INDEX(Ana_Malzeme!$B$5:$B$204,MATCH(B20,Ana_Malzeme!$A$5:$A$204,0)),"KATALOGDA YOK")) | E20: =IF(B20="","",IFERROR(INDEX(Ana_Malzeme!$D$5:$D$204,MATCH(B20,Ana_Malzeme!$A$5:$A$204,0)),"")) | F20: =IF(B20="","",IFERROR(INDEX(Fiyat!$F$5:$F$204,MATCH(B20,Fiyat!$A$5:$A$204,0))+0,"FİYAT YOK")) | G20: =IF(OR(B20="",D20="",NOT(ISNUMBER(F20))),0,D20*F20) -> 0 | H20: =IF(B20="","",IF(C20="KATALOGDA YOK","Katalogda yok",IF(NOT(ISNUMBER(F20)),"Fiyat girilmemiş","")))
A21: 17 | C21: =IF(B21="","",IFERROR(INDEX(Ana_Malzeme!$B$5:$B$204,MATCH(B21,Ana_Malzeme!$A$5:$A$204,0)),"KATALOGDA YOK")) | E21: =IF(B21="","",IFERROR(INDEX(Ana_Malzeme!$D$5:$D$204,MATCH(B21,Ana_Malzeme!$A$5:$A$204,0)),"")) | F21: =IF(B21="","",IFERROR(INDEX(Fiyat!$F$5:$F$204,MATCH(B21,Fiyat!$A$5:$A$204,0))+0,"FİYAT YOK")) | G21: =IF(OR(B21="",D21="",NOT(ISNUMBER(F21))),0,D21*F21) -> 0 | H21: =IF(B21="","",IF(C21="KATALOGDA YOK","Katalogda yok",IF(NOT(ISNUMBER(F21)),"Fiyat girilmemiş","")))
... A29: 25 | C29: =IF(B29="","",IFERROR(INDEX(Ana_Malzeme!$B$5:$B$204,MATCH(B29,Ana_Malzeme!$A$5:$A$204,0)),"KATALOGDA YOK")) | E29: =IF(B29="","",IFERROR(INDEX(Ana_Malzeme!$D$5:$D$204,MATCH(B29,Ana_Malzeme!$A$5:$A$204,0)),"")) | F29: =IF(B29="","",IFERROR(INDEX(Fiyat!$F$5:$F$204,MATCH(B29,Fiyat!$A$5:$A$204,0))+0,"FİYAT YOK")) | G29: =IF(OR(B29="",D29="",NOT(ISNUMBER(F29))),0,D29*F29) -> 0 | H29: =IF(B29="","",IF(C29="KATALOGDA YOK","Katalogda yok",IF(NOT(ISNUMBER(F29)),"Fiyat girilmemiş","")))
F31: Sekme toplamı | G31: =SUM(G5:G29) -> 16952.34

Sheet Giris_Baglanti
A1: Malzeme Girişi — Bağlantı Elemanı
A2: Kodu listeden seçin, miktarı girin. Gri sütunlar otomatik doludur.
A4: Sıra | B4: Malzeme Kodu | C4: Tanım (otomatik) | D4: Miktar | E4: Birim | F4: Birim Fiyat (TL) | G4: Tutar (TL) | H4: Uyarı
A5: 1 | B5: BGL-M8x25 | C5: =IF(B5="","",IFERROR(INDEX(Ana_Malzeme!$B$5:$B$204,MATCH(B5,Ana_Malzeme!$A$5:$A$204,0)),"KATALOGDA YOK")) -> Civata M8x25 Paslanmaz | D5: 120 | E5: =IF(B5="","",IFERROR(INDEX(Ana_Malzeme!$D$5:$D$204,MATCH(B5,Ana_Malzeme!$A$5:$A$204,0)),"")) -> adet | F5: =IF(B5="","",IFERROR(INDEX(Fiyat!$F$5:$F$204,MATCH(B5,Fiyat!$A$5:$A$204,0))+0,"FİYAT YOK")) -> 4.2 | G5: =IF(OR(B5="",D5="",NOT(ISNUMBER(F5))),0,D5*F5) -> 504 | H5: =IF(B5="","",IF(C5="KATALOGDA YOK","Katalogda yok",IF(NOT(ISNUMBER(F5)),"Fiyat girilmemiş","")))
A6: 2 | B6: BGL-RND8 | C6: =IF(B6="","",IFERROR(INDEX(Ana_Malzeme!$B$5:$B$204,MATCH(B6,Ana_Malzeme!$A$5:$A$204,0)),"KATALOGDA YOK")) -> Rondela M8 Paslanmaz | D6: 240 | E6: =IF(B6="","",IFERROR(INDEX(Ana_Malzeme!$D$5:$D$204,MATCH(B6,Ana_Malzeme!$A$5:$A$204,0)),"")) -> adet | F6: =IF(B6="","",IFERROR(INDEX(Fiyat!$F$5:$F$204,MATCH(B6,Fiyat!$A$5:$A$204,0))+0,"FİYAT YOK")) -> 0.9 | G6: =IF(OR(B6="",D6="",NOT(ISNUMBER(F6))),0,D6*F6) -> 216 | H6: =IF(B6="","",IF(C6="KATALOGDA YOK","Katalogda yok",IF(NOT(ISNUMBER(F6)),"Fiyat girilmemiş","")))
A7: 3 | B7: BGL-SOM8 | C7: =IF(B7="","",IFERROR(INDEX(Ana_Malzeme!$B$5:$B$204,MATCH(B7,Ana_Malzeme!$A$5:$A$204,0)),"KATALOGDA YOK")) -> Somun M8 Paslanmaz | D7: 120 | E7: =IF(B7="","",IFERROR(INDEX(Ana_Malzeme!$D$5:$D$204,MATCH(B7,Ana_Malzeme!$A$5:$A$204,0)),"")) -> adet | F7: =IF(B7="","",IFERROR(INDEX(Fiyat!$F$5:$F$204,MATCH(B7,Fiyat!$A$5:$A$204,0))+0,"FİYAT YOK")) -> 1.6 | G7: =IF(OR(B7="",D7="",NOT(ISNUMBER(F7))),0,D7*F7) -> 192 | H7: =IF(B7="","",IF(C7="KATALOGDA YOK","Katalogda yok",IF(NOT(ISNUMBER(F7)),"Fiyat girilmemiş","")))
A8: 4 | B8: BGL-RLM | C8: =IF(B8="","",IFERROR(INDEX(Ana_Malzeme!$B$5:$B$204,MATCH(B8,Ana_Malzeme!$A$5:$A$204,0)),"KATALOGDA YOK")) -> Rulman 6204 2RS | D8: 8 | E8: =IF(B8="","",IFERROR(INDEX(Ana_Malzeme!$D$5:$D$204,MATCH(B8,Ana_Malzeme!$A$5:$A$204,0)),"")) -> adet | F8: =IF(B8="","",IFERROR(INDEX(Fiyat!$F$5:$F$204,MATCH(B8,Fiyat!$A$5:$A$204,0))+0,"FİYAT YOK")) -> FİYAT YOK | G8: =IF(OR(B8="",D8="",NOT(ISNUMBER(F8))),0,D8*F8) -> 0 | H8: =IF(B8="","",IF(C8="KATALOGDA YOK","Katalogda yok",IF(NOT(ISNUMBER(F8)),"Fiyat girilmemiş",""))) -> Fiyat girilmemiş
A9: 5 | C9: =IF(B9="","",IFERROR(INDEX(Ana_Malzeme!$B$5:$B$204,MATCH(B9,Ana_Malzeme!$A$5:$A$204,0)),"KATALOGDA YOK")) | E9: =IF(B9="","",IFERROR(INDEX(Ana_Malzeme!$D$5:$D$204,MATCH(B9,Ana_Malzeme!$A$5:$A$204,0)),"")) | F9: =IF(B9="","",IFERROR(INDEX(Fiyat!$F$5:$F$204,MATCH(B9,Fiyat!$A$5:$A$204,0))+0,"FİYAT YOK")) | G9: =IF(OR(B9="",D9="",NOT(ISNUMBER(F9))),0,D9*F9) -> 0 | H9: =IF(B9="","",IF(C9="KATALOGDA YOK","Katalogda yok",IF(NOT(ISNUMBER(F9)),"Fiyat girilmemiş","")))
A10: 6 | C10: =IF(B10="","",IFERROR(INDEX(Ana_Malzeme!$B$5:$B$204,MATCH(B10,Ana_Malzeme!$A$5:$A$204,0)),"KATALOGDA YOK")) | E10: =IF(B10="","",IFERROR(INDEX(Ana_Malzeme!$D$5:$D$204,MATCH(B10,Ana_Malzeme!$A$5:$A$204,0)),"")) | F10: =IF(B10="","",IFERROR(INDEX(Fiyat!$F$5:$F$204,MATCH(B10,Fiyat!$A$5:$A$204,0))+0,"FİYAT YOK")) | G10: =IF(OR(B10="",D10="",NOT(ISNUMBER(F10))),0,D10*F10) -> 0 | H10: =IF(B10="","",IF(C10="KATALOGDA YOK","Katalogda yok",IF(NOT(ISNUMBER(F10)),"Fiyat girilmemiş","")))
A11: 7 | C11: =IF(B11="","",IFERROR(INDEX(Ana_Malzeme!$B$5:$B$204,MATCH(B11,Ana_Malzeme!$A$5:$A$204,0)),"KATALOGDA YOK")) | E11: =IF(B11="","",IFERROR(INDEX(Ana_Malzeme!$D$5:$D$204,MATCH(B11,Ana_Malzeme!$A$5:$A$204,0)),"")) | F11: =IF(B11="","",IFERROR(INDEX(Fiyat!$F$5:$F$204,MATCH(B11,Fiyat!$A$5:$A$204,0))+0,"FİYAT YOK")) | G11: =IF(OR(B11="",D11="",NOT(ISNUMBER(F11))),0,D11*F11) -> 0 | H11: =IF(B11="","",IF(C11="KATALOGDA YOK","Katalogda yok",IF(NOT(ISNUMBER(F11)),"Fiyat girilmemiş","")))
A12: 8 | C12: =IF(B12="","",IFERROR(INDEX(Ana_Malzeme!$B$5:$B$204,MATCH(B12,Ana_Malzeme!$A$5:$A$204,0)),"KATALOGDA YOK")) | E12: =IF(B12="","",IFERROR(INDEX(Ana_Malzeme!$D$5:$D$204,MATCH(B12,Ana_Malzeme!$A$5:$A$204,0)),"")) | F12: =IF(B12="","",IFERROR(INDEX(Fiyat!$F$5:$F$204,MATCH(B12,Fiyat!$A$5:$A$204,0))+0,"FİYAT YOK")) | G12: =IF(OR(B12="",D12="",NOT(ISNUMBER(F12))),0,D12*F12) -> 0 | H12: =IF(B12="","",IF(C12="KATALOGDA YOK","Katalogda yok",IF(NOT(ISNUMBER(F12)),"Fiyat girilmemiş","")))
A13: 9 | C13: =IF(B13="","",IFERROR(INDEX(Ana_Malzeme!$B$5:$B$204,MATCH(B13,Ana_Malzeme!$A$5:$A$204,0)),"KATALOGDA YOK")) | E13: =IF(B13="","",IFERROR(INDEX(Ana_Malzeme!$D$5:$D$204,MATCH(B13,Ana_Malzeme!$A$5:$A$204,0)),"")) | F13: =IF(B13="","",IFERROR(INDEX(Fiyat!$F$5:$F$204,MATCH(B13,Fiyat!$A$5:$A$204,0))+0,"FİYAT YOK")) | G13: =IF(OR(B13="",D13="",NOT(ISNUMBER(F13))),0,D13*F13) -> 0 | H13: =IF(B13="","",IF(C13="KATALOGDA YOK","Katalogda yok",IF(NOT(ISNUMBER(F13)),"Fiyat girilmemiş","")))
A14: 10 | C14: =IF(B14="","",IFERROR(INDEX(Ana_Malzeme!$B$5:$B$204,MATCH(B14,Ana_Malzeme!$A$5:$A$204,0)),"KATALOGDA YOK")) | E14: =IF(B14="","",IFERROR(INDEX(Ana_Malzeme!$D$5:$D$204,MATCH(B14,Ana_Malzeme!$A$5:$A$204,0)),"")) | F14: =IF(B14="","",IFERROR(INDEX(Fiyat!$F$5:$F$204,MATCH(B14,Fiyat!$A$5:$A$204,0))+0,"FİYAT YOK")) | G14: =IF(OR(B14="",D14="",NOT(ISNUMBER(F14))),0,D14*F14) -> 0 | H14: =IF(B14="","",IF(C14="KATALOGDA YOK","Katalogda yok",IF(NOT(ISNUMBER(F14)),"Fiyat girilmemiş","")))
A15: 11 | C15: =IF(B15="","",IFERROR(INDEX(Ana_Malzeme!$B$5:$B$204,MATCH(B15,Ana_Malzeme!$A$5:$A$204,0)),"KATALOGDA YOK")) | E15: =IF(B15="","",IFERROR(INDEX(Ana_Malzeme!$D$5:$D$204,MATCH(B15,Ana_Malzeme!$A$5:$A$204,0)),"")) | F15: =IF(B15="","",IFERROR(INDEX(Fiyat!$F$5:$F$204,MATCH(B15,Fiyat!$A$5:$A$204,0))+0,"FİYAT YOK")) | G15: =IF(OR(B15="",D15="",NOT(ISNUMBER(F15))),0,D15*F15) -> 0 | H15: =IF(B15="","",IF(C15="KATALOGDA YOK","Katalogda yok",IF(NOT(ISNUMBER(F15)),"Fiyat girilmemiş","")))
A16: 12 | C16: =IF(B16="","",IFERROR(INDEX(Ana_Malzeme!$B$5:$B$204,MATCH(B16,Ana_Malzeme!$A$5:$A$204,0)),"KATALOGDA YOK")) | E16: =IF(B16="","",IFERROR(INDEX(Ana_Malzeme!$D$5:$D$204,MATCH(B16,Ana_Malzeme!$A$5:$A$204,0)),"")) | F16: =IF(B16="","",IFERROR(INDEX(Fiyat!$F$5:$F$204,MATCH(B16,Fiyat!$A$5:$A$204,0))+0,"FİYAT YOK")) | G16: =IF(OR(B16="",D16="",NOT(ISNUMBER(F16))),0,D16*F16) -> 0 | H16: =IF(B16="","",IF(C16="KATALOGDA YOK","Katalogda yok",IF(NOT(ISNUMBER(F16)),"Fiyat girilmemiş","")))
A17: 13 | C17: =IF(B17="","",IFERROR(INDEX(Ana_Malzeme!$B$5:$B$204,MATCH(B17,Ana_Malzeme!$A$5:$A$204,0)),"KATALOGDA YOK")) | E17: =IF(B17="","",IFERROR(INDEX(Ana_Malzeme!$D$5:$D$204,MATCH(B17,Ana_Malzeme!$A$5:$A$204,0)),"")) | F17: =IF(B17="","",IFERROR(INDEX(Fiyat!$F$5:$F$204,MATCH(B17,Fiyat!$A$5:$A$204,0))+0,"FİYAT YOK")) | G17: =IF(OR(B17="",D17="",NOT(ISNUMBER(F17))),0,D17*F17) -> 0 | H17: =IF(B17="","",IF(C17="KATALOGDA YOK","Katalogda yok",IF(NOT(ISNUMBER(F17)),"Fiyat girilmemiş","")))
A18: 14 | C18: =IF(B18="","",IFERROR(INDEX(Ana_Malzeme!$B$5:$B$204,MATCH(B18,Ana_Malzeme!$A$5:$A$204,0)),"KATALOGDA YOK")) | E18: =IF(B18="","",IFERROR(INDEX(Ana_Malzeme!$D$5:$D$204,MATCH(B18,Ana_Malzeme!$A$5:$A$204,0)),"")) | F18: =IF(B18="","",IFERROR(INDEX(Fiyat!$F$5:$F$204,MATCH(B18,Fiyat!$A$5:$A$204,0))+0,"FİYAT YOK")) | G18: =IF(OR(B18="",D18="",NOT(ISNUMBER(F18))),0,D18*F18) -> 0 | H18: =IF(B18="","",IF(C18="KATALOGDA YOK","Katalogda yok",IF(NOT(ISNUMBER(F18)),"Fiyat girilmemiş","")))
A19: 15 | C19: =IF(B19="","",IFERROR(INDEX(Ana_Malzeme!$B$5:$B$204,MATCH(B19,Ana_Malzeme!$A$5:$A$204,0)),"KATALOGDA YOK")) | E19: =IF(B19="","",IFERROR(INDEX(Ana_Malzeme!$D$5:$D$204,MATCH(B19,Ana_Malzeme!$A$5:$A$204,0)),"")) | F19: =IF(B19="","",IFERROR(INDEX(Fiyat!$F$5:$F$204,MATCH(B19,Fiyat!$A$5:$A$204,0))+0,"FİYAT YOK")) | G19: =IF(OR(B19="",D19="",NOT(ISNUMBER(F19))),0,D19*F19) -> 0 | H19: =IF(B19="","",IF(C19="KATALOGDA YOK","Katalogda yok",IF(NOT(ISNUMBER(F19)),"Fiyat girilmemiş","")))
A20: 16 | C20: =IF(B20="","",IFERROR(INDEX(Ana_Malzeme!$B$5:$B$204,MATCH(B20,Ana_Malzeme!$A$5:$A$204,0)),"KATALOGDA YOK")) | E20: =IF(B20="","",IFERROR(INDEX(Ana_Malzeme!$D$5:$D$204,MATCH(B20,Ana_Malzeme!$A$5:$A$204,0)),"")) | F20: =IF(B20="","",IFERROR(INDEX(Fiyat!$F$5:$F$204,MATCH(B20,Fiyat!$A$5:$A$204,0))+0,"FİYAT YOK")) | G20: =IF(OR(B20="",D20="",NOT(ISNUMBER(F20))),0,D20*F20) -> 0 | H20: =IF(B20="","",IF(C20="KATALOGDA YOK","Katalogda yok",IF(NOT(ISNUMBER(F20)),"Fiyat girilmemiş","")))
... A29: 25 | C29: =IF(B29="","",IFERROR(INDEX(Ana_Malzeme!$B$5:$B$204,MATCH(B29,Ana_Malzeme!$A$5:$A$204,0)),"KATALOGDA YOK")) | E29: =IF(B29="","",IFERROR(INDEX(Ana_Malzeme!$D$5:$D$204,MATCH(B29,Ana_Malzeme!$A$5:$A$204,0)),"")) | F29: =IF(B29="","",IFERROR(INDEX(Fiyat!$F$5:$F$204,MATCH(B29,Fiyat!$A$5:$A$204,0))+0,"FİYAT YOK")) | G29: =IF(OR(B29="",D29="",NOT(ISNUMBER(F29))),0,D29*F29) -> 0 | H29: =IF(B29="","",IF(C29="KATALOGDA YOK","Katalogda yok",IF(NOT(ISNUMBER(F29)),"Fiyat girilmemiş","")))
F31: Sekme toplamı | G31: =SUM(G5:G29) -> 912

Sheet Degisiklik_Gunlugu
A1: Değişiklik Günlüğü (kim, ne zaman, ne yaptı)
A2: Örnek kayıtlardır. Canlı kurulumda ortak sunucunun sürüm geçmişi ve otomatik kayıt bunu doldurur.
A4: Tarih / Saat | B4: Kullanıcı | C4: Dosya | D4: Malzeme Kodu | E4: İşlem | F4: Eski Değer | G4: Yeni Değer
A5: 14.09.2026 09:00 | B5: Yönetici | C5: Ana_Malzeme | D5: (18 kod) | E5: İlk yükleme | F5: - | G5: Katalog aktarıldı
A6: 30.09.2026 09:12 | B6: Mehmet K. | C6: Ana_Malzeme | D6: ELK-SNS | E6: Yeni malzeme | F6: - | G6: Endüktif Sensör M12 PNP
A7: 30.09.2026 10:40 | B7: Yönetici | C7: Fiyat | D7: PRF-4040 | E7: Fiyat güncelleme | F7: 92,00 TRY | G7: 96,00 TRY
A8: 01.10.2026 08:55 | B8: Ayşe T. | C8: Ana_Malzeme | D8: BGL-RLM | E8: Yeni malzeme | F8: - | G8: Rulman 6204 2RS
A9: 01.10.2026 09:30 | B9: Ayşe T. | C9: Makine PK-200 | D9: BGL-RLM | E9: Malzeme girişi | F9: - | G9: 8 adet

Sheet Maliyet
A1: Maliyet Özeti
A2: Fiyat dosyasındaki güncel fiyatlarla hesaplanır. Katalog ya da fiyat değişince bu sayfa kendiliğinden yenilenir.
B4: Makine | C4: =Makine!B4&" — "&Makine!B5 -> PK-200 — Dikey Paketleme Makinesi
B5: Sipariş | C5: =Makine!B6 -> SP-2026-0147
B7: Malzeme Türü | C7: Kalem Sayısı | D7: Tutar (TL) | E7: Fiyatsız Kalem
B8: Sac & Profil | C8: =COUNTA(Giris_SacProfil!B5:B29) -> 4 | D8: =Giris_SacProfil!G31 -> 18595.12 | E8: =COUNTIF(Giris_SacProfil!H5:H29,"Fiyat girilmemiş") -> 0
B9: Motor & Redüktör | C9: =COUNTA(Giris_MotorRedüktör!B5:B29) -> 3 | D9: =Giris_MotorRedüktör!G31 -> 24956 | E9: =COUNTIF(Giris_MotorRedüktör!H5:H29,"Fiyat girilmemiş") -> 0
B10: Elektrik | C10: =COUNTA(Giris_Elektrik!B5:B29) -> 5 | D10: =Giris_Elektrik!G31 -> 16952.34 | E10: =COUNTIF(Giris_Elektrik!H5:H29,"Fiyat girilmemiş") -> 0
B11: Bağlantı Elemanı | C11: =COUNTA(Giris_Baglanti!B5:B29) -> 4 | D11: =Giris_Baglanti!G31 -> 912 | E11: =COUNTIF(Giris_Baglanti!H5:H29,"Fiyat girilmemiş") -> 1
B13: Malzeme Toplamı | D13: =SUM(D8:D11) -> 61415.46
B14: Kâr Marjı | D14: =D13*Makine!B9/100 -> 13511.401
B15: Satış Fiyatı (KDV hariç) | D15: =D13+D14 -> 74926.861
B16: KDV | D16: =D15*Makine!B10/100 -> 14985.372
B17: Genel Toplam (KDV dahil) | D17: =D15+D16 -> 89912.233
B19: Kontroller
B20: Toplam kalem | C20: =SUM(C8:C11) -> 16
B21: Katalogda olmayan kod | C21: =COUNTIF(Giris_SacProfil!C5:C29,"KATALOGDA YOK")+COUNTIF(Giris_MotorRedüktör!C5:C29,"KATALOGDA YOK")+COUNTIF(Giris_Elektrik!C5:C29,"KATALOGDA YOK")+COUNTIF(Giris_Baglanti!C5:C29,"KATALOGDA YOK") -> 0
B22: Fiyatı girilmemiş kalem | C22: =SUM(E8:E11) -> 1
B23: Sonuç | C23: =IF(C21+C22=0,"Maliyet güvenilir","Eksik veri: toplam olması gerekenden düşük") -> Eksik veri: toplam olması gerekenden düşük
