Workbook

Sheet Panel
B1: Gelir – Gider Paneli
B2: Dönem: | C2: Tümü | D2: ← listeden 'Tümü' ya da bir ay seçin
B4: TOPLAM GELİR | C4: TOPLAM GİDER | D4: NET | E4: TASARRUF ORANI
B5: =IF($C$2="Tümü",SUMIFS(Hareketler!$F$2:$F$1000,Hareketler!$E$2:$E$1000,"Gelir"),SUMIFS(Hareketler!$F$2:$F$1000,Hareketler!$E$2:$E$1000,"Gelir",Hareketler!$G$2:$G$1000,$C$2)) | C5: =IF($C$2="Tümü",SUMIFS(Hareketler!$F$2:$F$1000,Hareketler!$E$2:$E$1000,"Gider"),SUMIFS(Hareketler!$F$2:$F$1000,Hareketler!$E$2:$E$1000,"Gider",Hareketler!$G$2:$G$1000,$C$2)) | D5: =B5-C5 | E5: =IF(B5=0,0,D5/B5)
B7: Gider kategorileri | G7: Hesap bazında | K7: Aylık seyir
B8: Kategori | C8: Tutar | D8: Pay | G8: Hesap | H8: Gelir | I8: Gider | K8: Ay | L8: Gelir | M8: Gider
B9: Kira | C9: =IF($C$2="Tümü",SUMIFS(Hareketler!$F$2:$F$1000,Hareketler!$D$2:$D$1000,B9,Hareketler!$E$2:$E$1000,"Gider"),SUMIFS(Hareketler!$F$2:$F$1000,Hareketler!$D$2:$D$1000,B9,Hareketler!$E$2:$E$1000,"Gider",Hareketler!$G$2:$G$1000,$C$2)) | D9: =IF($C$5=0,0,C9/$C$5) | G9: Ziraat | H9: =IF($C$2="Tümü",SUMIFS(Hareketler!$F$2:$F$1000,Hareketler!$B$2:$B$1000,$G9,Hareketler!$E$2:$E$1000,"Gelir"),SUMIFS(Hareketler!$F$2:$F$1000,Hareketler!$B$2:$B$1000,$G9,Hareketler!$E$2:$E$1000,"Gelir",Hareketler!$G$2:$G$1000,$C$2)) | I9: =IF($C$2="Tümü",SUMIFS(Hareketler!$F$2:$F$1000,Hareketler!$B$2:$B$1000,$G9,Hareketler!$E$2:$E$1000,"Gider"),SUMIFS(Hareketler!$F$2:$F$1000,Hareketler!$B$2:$B$1000,$G9,Hareketler!$E$2:$E$1000,"Gider",Hareketler!$G$2:$G$1000,$C$2)) | K9: 2026-05 | L9: =SUMIFS(Hareketler!$F$2:$F$1000,Hareketler!$E$2:$E$1000,"Gelir",Hareketler!$G$2:$G$1000,K9) | M9: =SUMIFS(Hareketler!$F$2:$F$1000,Hareketler!$E$2:$E$1000,"Gider",Hareketler!$G$2:$G$1000,K9)
B10: Market | C10: =IF($C$2="Tümü",SUMIFS(Hareketler!$F$2:$F$1000,Hareketler!$D$2:$D$1000,B10,Hareketler!$E$2:$E$1000,"Gider"),SUMIFS(Hareketler!$F$2:$F$1000,Hareketler!$D$2:$D$1000,B10,Hareketler!$E$2:$E$1000,"Gider",Hareketler!$G$2:$G$1000,$C$2)) | D10: =IF($C$5=0,0,C10/$C$5) | G10: Garanti | H10: =IF($C$2="Tümü",SUMIFS(Hareketler!$F$2:$F$1000,Hareketler!$B$2:$B$1000,$G10,Hareketler!$E$2:$E$1000,"Gelir"),SUMIFS(Hareketler!$F$2:$F$1000,Hareketler!$B$2:$B$1000,$G10,Hareketler!$E$2:$E$1000,"Gelir",Hareketler!$G$2:$G$1000,$C$2)) | I10: =IF($C$2="Tümü",SUMIFS(Hareketler!$F$2:$F$1000,Hareketler!$B$2:$B$1000,$G10,Hareketler!$E$2:$E$1000,"Gider"),SUMIFS(Hareketler!$F$2:$F$1000,Hareketler!$B$2:$B$1000,$G10,Hareketler!$E$2:$E$1000,"Gider",Hareketler!$G$2:$G$1000,$C$2)) | K10: 2026-06 | L10: =SUMIFS(Hareketler!$F$2:$F$1000,Hareketler!$E$2:$E$1000,"Gelir",Hareketler!$G$2:$G$1000,K10) | M10: =SUMIFS(Hareketler!$F$2:$F$1000,Hareketler!$E$2:$E$1000,"Gider",Hareketler!$G$2:$G$1000,K10)
B11: Fatura | C11: =IF($C$2="Tümü",SUMIFS(Hareketler!$F$2:$F$1000,Hareketler!$D$2:$D$1000,B11,Hareketler!$E$2:$E$1000,"Gider"),SUMIFS(Hareketler!$F$2:$F$1000,Hareketler!$D$2:$D$1000,B11,Hareketler!$E$2:$E$1000,"Gider",Hareketler!$G$2:$G$1000,$C$2)) | D11: =IF($C$5=0,0,C11/$C$5) | G11: Nakit | H11: =IF($C$2="Tümü",SUMIFS(Hareketler!$F$2:$F$1000,Hareketler!$B$2:$B$1000,$G11,Hareketler!$E$2:$E$1000,"Gelir"),SUMIFS(Hareketler!$F$2:$F$1000,Hareketler!$B$2:$B$1000,$G11,Hareketler!$E$2:$E$1000,"Gelir",Hareketler!$G$2:$G$1000,$C$2)) | I11: =IF($C$2="Tümü",SUMIFS(Hareketler!$F$2:$F$1000,Hareketler!$B$2:$B$1000,$G11,Hareketler!$E$2:$E$1000,"Gider"),SUMIFS(Hareketler!$F$2:$F$1000,Hareketler!$B$2:$B$1000,$G11,Hareketler!$E$2:$E$1000,"Gider",Hareketler!$G$2:$G$1000,$C$2)) | K11: 2026-07 | L11: =SUMIFS(Hareketler!$F$2:$F$1000,Hareketler!$E$2:$E$1000,"Gelir",Hareketler!$G$2:$G$1000,K11) | M11: =SUMIFS(Hareketler!$F$2:$F$1000,Hareketler!$E$2:$E$1000,"Gider",Hareketler!$G$2:$G$1000,K11)
B12: Ulaşım | C12: =IF($C$2="Tümü",SUMIFS(Hareketler!$F$2:$F$1000,Hareketler!$D$2:$D$1000,B12,Hareketler!$E$2:$E$1000,"Gider"),SUMIFS(Hareketler!$F$2:$F$1000,Hareketler!$D$2:$D$1000,B12,Hareketler!$E$2:$E$1000,"Gider",Hareketler!$G$2:$G$1000,$C$2)) | D12: =IF($C$5=0,0,C12/$C$5) | K12: 2026-08 | L12: =SUMIFS(Hareketler!$F$2:$F$1000,Hareketler!$E$2:$E$1000,"Gelir",Hareketler!$G$2:$G$1000,K12) | M12: =SUMIFS(Hareketler!$F$2:$F$1000,Hareketler!$E$2:$E$1000,"Gider",Hareketler!$G$2:$G$1000,K12)
B13: Eğlence | C13: =IF($C$2="Tümü",SUMIFS(Hareketler!$F$2:$F$1000,Hareketler!$D$2:$D$1000,B13,Hareketler!$E$2:$E$1000,"Gider"),SUMIFS(Hareketler!$F$2:$F$1000,Hareketler!$D$2:$D$1000,B13,Hareketler!$E$2:$E$1000,"Gider",Hareketler!$G$2:$G$1000,$C$2)) | D13: =IF($C$5=0,0,C13/$C$5) | K13: 2026-09 | L13: =SUMIFS(Hareketler!$F$2:$F$1000,Hareketler!$E$2:$E$1000,"Gelir",Hareketler!$G$2:$G$1000,K13) | M13: =SUMIFS(Hareketler!$F$2:$F$1000,Hareketler!$E$2:$E$1000,"Gider",Hareketler!$G$2:$G$1000,K13)
B14: Sağlık | C14: =IF($C$2="Tümü",SUMIFS(Hareketler!$F$2:$F$1000,Hareketler!$D$2:$D$1000,B14,Hareketler!$E$2:$E$1000,"Gider"),SUMIFS(Hareketler!$F$2:$F$1000,Hareketler!$D$2:$D$1000,B14,Hareketler!$E$2:$E$1000,"Gider",Hareketler!$G$2:$G$1000,$C$2)) | D14: =IF($C$5=0,0,C14/$C$5) | K14: 2026-10 | L14: =SUMIFS(Hareketler!$F$2:$F$1000,Hareketler!$E$2:$E$1000,"Gelir",Hareketler!$G$2:$G$1000,K14) | M14: =SUMIFS(Hareketler!$F$2:$F$1000,Hareketler!$E$2:$E$1000,"Gider",Hareketler!$G$2:$G$1000,K14)
B15: Abonelik | C15: =IF($C$2="Tümü",SUMIFS(Hareketler!$F$2:$F$1000,Hareketler!$D$2:$D$1000,B15,Hareketler!$E$2:$E$1000,"Gider"),SUMIFS(Hareketler!$F$2:$F$1000,Hareketler!$D$2:$D$1000,B15,Hareketler!$E$2:$E$1000,"Gider",Hareketler!$G$2:$G$1000,$C$2)) | D15: =IF($C$5=0,0,C15/$C$5)
B16: Diğer | C16: =IF($C$2="Tümü",SUMIFS(Hareketler!$F$2:$F$1000,Hareketler!$D$2:$D$1000,B16,Hareketler!$E$2:$E$1000,"Gider"),SUMIFS(Hareketler!$F$2:$F$1000,Hareketler!$D$2:$D$1000,B16,Hareketler!$E$2:$E$1000,"Gider",Hareketler!$G$2:$G$1000,$C$2)) | D16: =IF($C$5=0,0,C16/$C$5)

Sheet Hareketler
A1: Tarih | B1: Banka | C1: Açıklama | D1: Kategori | E1: Tür | F1: Tutar (TL) | G1: Ay
A2: 46143 | B2: Ziraat | C2: Maaş yatışı | D2: Maaş | E2: Gelir | F2: 32000 | G2: =TEXT(A2,"YYYY-MM")
A3: 46145 | B3: Nakit | C3: Abonelik harcaması | D3: Abonelik | E3: Gider | F3: 91 | G3: =TEXT(A3,"YYYY-MM")
A4: 46145 | B4: Ziraat | C4: Abonelik harcaması | D4: Abonelik | E4: Gider | F4: 71 | G4: =TEXT(A4,"YYYY-MM")
A5: 46145 | B5: Ziraat | C5: Eğlence harcaması | D5: Eğlence | E5: Gider | F5: 1038 | G5: =TEXT(A5,"YYYY-MM")
A6: 46145 | B6: Ziraat | C6: Kira | D6: Kira | E6: Gider | F6: 12500 | G6: =TEXT(A6,"YYYY-MM")
A7: 46146 | B7: Ziraat | C7: Abonelik harcaması | D7: Abonelik | E7: Gider | F7: 83 | G7: =TEXT(A7,"YYYY-MM")
A8: 46147 | B8: Nakit | C8: Sağlık harcaması | D8: Sağlık | E8: Gider | F8: 264 | G8: =TEXT(A8,"YYYY-MM")
A9: 46147 | B9: Nakit | C9: Ulaşım harcaması | D9: Ulaşım | E9: Gider | F9: 272 | G9: =TEXT(A9,"YYYY-MM")
A10: 46153 | B10: Garanti | C10: Ulaşım harcaması | D10: Ulaşım | E10: Gider | F10: 227 | G10: =TEXT(A10,"YYYY-MM")
A11: 46156 | B11: Nakit | C11: Ulaşım harcaması | D11: Ulaşım | E11: Gider | F11: 129 | G11: =TEXT(A11,"YYYY-MM")
A12: 46157 | B12: Garanti | C12: Serbest iş ödemesi | D12: Serbest iş | E12: Gelir | F12: 3800 | G12: =TEXT(A12,"YYYY-MM")
A13: 46162 | B13: Garanti | C13: Market harcaması | D13: Market | E13: Gider | F13: 1397 | G13: =TEXT(A13,"YYYY-MM")
... A103: 46323 | B103: Nakit | C103: Abonelik harcaması | D103: Abonelik | E103: Gider | F103: 93 | G103: =TEXT(A103,"YYYY-MM")
